Date,Order_id,Item_id,Customer_id,Quantity,Revenue
2022-02-02,35f3bde7-358d-4f68-b7dd-25620b5b22bd,46,165,4,193.72
2022-12-21,78e8c783-48da-4ba7-b440-a7a2335b72a3,18,180,5,379.63
2022-08-03,4ef4559e-0177-4a56-b42b-ff51d07d2a77,11,34,3,117.15
2023-10-30,e240103f-49c8-4ea1-98cf-f38f25f136d1,46,69,1,10.55
2022-12-12,c722c733-c6e5-4811-8e19-53ed07f08f23,33,57,3,50.32
2022-11-05,4e0879de-91a6-494d-a019-db4b47dbf17f,10,179,4,318.14
2023-02-14,81337145-a28f-4515-8c36-09b883b6e757,50,73,4,379.63
2023-06-22,350d00ae-3927-47d0-ad27-7b6f45135b39,9,191,4,192.07
2022-02-25,b659da0d-76d1-4de6-8fa1-c82010ca4dec,32,155,4,371.25
2023-06-01,223db735-1cc4-49e7-90c5-70ac2a0d5bb4,11,1,5,262.42
2023-03-18,12b9f8f8-4c97-45e5-b66f-da1280815ccb,25,113,5,91.59
2022-05-14,5f4f3bc9-df58-4e01-87ea-7e9bf7f31284,26,85,3,36.16
2022-03-01,eb81a9e4-6c08-4e4d-a9be-beaca9dcff85,1,134,2,197.47
2023-04-01,549de5ef-eb88-4cb5-addd-7f50e8570907,25,169,1,48.16
2022-06-30,5c35fbb3-682e-4b99-86f7-6a63698ddfe6,10,97,1,18.34
2022-08-12,5b8d33c9-9695-47e7-8f75-a029dbe807e4,16,178,3,139.26
2023-05-20,a4881e23-6773-46db-ba37-5297df5ab4b5,39,55,1,71.27
2022-03-29,23784bcd-966b-4460-b9ed-61f16380b406,15,18,5,204.06
2022-07-30,ecf6ebcf-282a-4bfb-84f1-31cd8da22ded,35,146,4,389.02
2023-08-09,977464c9-97b7-42af-8ae3-329457f8afda,43,157,5,222.48
2022-12-04,cc74d532-95b6-49d3-8df9-ee63a548b7e6,28,118,1,86.68
2022-12-13,aadc07b2-141d-4be5-a03b-de11bf9f1424,28,115,1,21.29
2023-05-29,865f6ce3-9f42-4f64-90af-0c6429cd8927,14,37,3,136.51
2023-07-24,36d7ffaa-98ae-4776-a5fb-9e3e1d46f7ae,39,59,1,14.59
2023-11-05,0b229667-638c-401d-99a5-2b0981d0e02c,13,33,5,348.31
2023-08-21,d4b675f4-0a20-431c-8b20-901f9be3c0fd,9,119,1,16.2
2022-08-27,c6879841-b187-4115-a2f7-c37f98649657,12,31,3,157.04
2022-12-19,70eaf74e-085a-4d22-a767-c13c7083d2f6,41,23,3,63.23
2022-11-15,2ed18d69-b69c-4066-9e64-3a31238f76ea,17,170,3,244.38
2022-03-11,bd9cd1a3-5c05-483d-ba2f-b3e952d7c62c,22,27,3,235.18
2022-01-16,b4569a0c-ac5b-479c-bcb9-9c20d5444a1c,48,95,2,36.03
2022-08-02,ded040c7-15a1-44e3-a90e-3c10fc707a06,36,137,1,29.0
2022-09-25,09d7e8a3-2ed1-471d-9bb5-512edde17bdc,40,21,3,98.3
2022-04-02,a81e0d72-433f-4ce9-bef2-24b33fbce29b,45,174,5,496.33
2023-04-08,a6fa5af5-503e-4429-a7a5-9cb22ed6748c,27,33,5,192.03
2023-01-09,2f233d91-352b-40c1-a974-37447680e991,30,54,1,11.49
2023-05-29,c569c906-c410-47e9-9fec-bff3791dbcab,35,194,4,166.34
2023-05-09,592218ed-dfeb-417b-aa7a-959f009db399,3,182,1,97.99
2022-05-15,b4147934-b6b1-43d9-a1c1-575e538a9b5e,42,132,5,408.73
2023-08-17,57fefc29-9abc-4911-abea-85ae00aed7bf,38,193,4,334.93
2022-10-15,c065d497-4d51-4abc-b262-687bf6cbe68d,32,145,1,26.61
2023-03-17,9bf70222-805c-4531-93be-6312afd9e07b,41,89,2,103.55
2023-09-22,1ac999f0-4482-4b78-bcbb-d197696f6068,14,99,1,35.08
2022-01-12,5dfac96c-6149-4b13-828e-53c1fd3d81cd,23,70,2,133.45
2023-05-22,351b3567-8e48-4aec-9b5e-785b6386614d,31,100,5,349.76
2023-10-23,0ab6bdd1-fd29-4709-9138-48bb24b213dd,18,77,2,112.17
2022-05-27,65871176-f9b7-432f-8ced-b241f618f58c,32,155,2,142.01
2023-03-21,70af6ae4-06ca-4ba8-b2ec-728d9a29e430,42,156,5,185.33
2022-11-08,6d2e598b-3ca5-4664-9c9c-50c6fa319e1b,46,188,3,234.07
2022-01-11,ab446011-d7ff-47aa-9aaf-1b63e87b6239,25,190,3,268.05
2023-01-02,8525942e-cf00-4c9d-9285-5eb680858d92,39,154,3,200.51
2023-10-25,0c1d6fc0-63b1-4269-901b-5be3e32e886e,2,15,5,345.92
2023-11-06,87b7cbb4-aecd-4c4e-96bc-2df9c0539fd6,47,73,4,125.89
2022-02-27,b72c8499-89cf-4de7-9850-834ca55f0972,9,57,1,32.03
2022-07-19,f3e09308-81e5-4798-86f6-e2f15fa0ce7b,32,142,2,182.57
2022-05-26,a85fd8b9-1d8a-4122-8c47-34cbe1275541,48,18,3,154.31
2023-12-04,68a1ea58-cdf1-46a0-8cf9-cdbd47794919,29,42,3,264.14
2022-01-23,6fe62cb9-9562-4a19-9ecd-84ec8b6c79d4,45,81,3,230.18
2023-06-09,5fd9197d-db12-4993-a916-faba272795c9,4,40,1,96.92
2022-02-20,71d90249-0a9d-44f9-9f95-c5fb50d885e3,40,3,4,230.17
2022-09-03,5928725d-e114-4c1d-9551-5091a48c88e4,26,113,4,341.63
2022-10-23,e55b2723-95ef-4357-9a5e-22a5c380f9fd,24,140,2,26.06
2022-10-02,4e4cd16b-10db-4f59-92cf-915894a2d865,48,151,3,154.93
2022-11-27,ba790b54-c05c-41ce-be7a-e269c6e66d0c,7,192,1,50.67
2022-07-06,05af0179-d8f4-472b-8f61-95c06bcbe4eb,16,16,3,272.96
2023-08-19,11cb00e6-7d65-42df-b8bb-9e23d16de695,19,115,1,99.12
2023-02-16,18d91167-970d-498f-92e1-367fddf5cd14,1,3,5,274.06
2022-07-15,00f5ceb0-be51-43b4-9323-1e804e87d6c6,14,34,1,47.2
2022-07-09,942c2af8-2ac8-4fc4-b9be-480c6fdfe9d7,10,45,3,149.92
2022-06-24,7cd2b491-d667-4824-bf62-2e00b7bd3c50,35,3,5,271.07
2022-01-15,67f7871d-898b-47db-bb7b-686f3666df44,36,70,2,78.17
2023-01-06,ac085837-a38c-463c-9b8b-5b33bfa606e7,1,97,1,76.09
2022-12-13,76e1aa3e-a73e-4054-b55c-b2ab76ce2f28,35,63,5,447.46
2023-11-03,884c5128-f252-4f76-b70f-ca7173d55d78,32,187,5,93.08
2023-04-16,b45e24d0-b894-431d-ae94-00c1d3f3be7e,4,114,5,212.76
2022-03-02,0a678783-0f02-4f79-bcf6-20153b378f44,48,28,3,104.94
2022-11-02,9d321e89-025e-480f-ad15-e8f6196246b0,31,139,5,91.64
2023-06-19,e15c1f63-4ef7-4b3c-a384-f03bf87fecdb,46,98,4,152.61
2022-01-04,824fad13-0507-4656-a431-19abb82e8e55,23,146,1,30.22
2022-08-17,89d75991-c156-4662-8131-ca438e7f6cbb,40,169,2,29.23
2022-06-03,f6203644-c94b-4eae-b0a9-cbbb3ffacf37,27,59,3,231.84
2022-06-18,489ac0e7-72ba-4239-bdd7-4c1761f62181,30,150,2,99.61
2023-08-06,334eacd4-c912-4596-a8dd-a536e619329a,29,27,4,57.8
2023-11-03,9d503835-1075-4e63-af69-74d016719503,11,190,4,247.74
2022-06-20,77a13e0d-1650-4df3-9913-2ffac9b5dda3,8,7,1,31.01
2022-01-14,76be51aa-7b94-4a97-8f66-2d9455f9e777,13,186,4,359.93
2023-04-27,0675b2e6-c03a-432f-9682-f0239c288aa6,16,92,4,391.29
2022-04-28,6b2d49e2-2b4a-44cc-bb30-d2a3c36486a7,17,22,4,71.47
2023-02-15,47904ef9-b5a3-4302-afe2-1369367c5fb6,24,8,3,243.4
2022-03-31,24b45e10-f6eb-4922-bcac-5a2170f120a5,29,8,5,415.19
2022-05-21,cd8f0564-b63f-412f-99cb-78b262372502,41,105,5,373.0
2022-10-20,1675f134-7e8a-4f66-aa0e-66688069dfc9,50,73,5,272.13
2022-04-21,10f64a34-90d0-4a91-8c98-7a1b7aa917dc,9,65,3,288.49
2022-07-03,a35dbe69-e787-48b0-82f2-de19c56b0e12,4,91,5,332.76
2022-05-02,408f6534-2877-4bb8-9f13-f55d5ab9dc67,32,194,4,98.7
2022-07-25,ed8b36d2-bf1c-4627-9d92-b6a413a8c71c,22,128,1,59.78
2022-11-08,338f0903-6444-4a9b-9dd7-60ca49b286e4,21,162,3,258.27
2023-03-10,b8ad0478-6765-443e-b2b9-a883187f01d3,18,30,2,125.18
2022-08-28,76c9e64a-bcef-4efb-9b95-5b305b8eed6b,31,72,3,32.17
2022-08-27,95192ecb-a482-4933-b963-c8d732a7f5f6,11,178,4,112.93
2022-10-30,75dcf128-e9e1-434b-ac7e-7010647d50ae,43,113,3,181.89
2022-02-13,09970f5c-214e-4740-9396-54c6807733f4,15,74,4,368.25
2023-02-04,2b7e1689-897f-43db-a790-4bb81f3bfade,36,181,5,108.19
2022-05-12,a0f7fcd9-0d69-42db-8269-399289562976,49,181,5,196.99
2023-01-16,7e55182f-5151-46d0-a4b5-169dfd6820a6,10,97,4,396.2
2023-04-28,960c552c-a777-44b6-85b7-f7fe040dcaa2,15,35,3,261.22
2022-12-11,d3d05574-e767-4810-97ac-ea71df1ba19b,40,8,5,217.42
2023-11-23,b7eae11d-f798-4713-a674-cd02a8740f43,22,26,2,30.49
2022-02-20,e29c65ab-6276-44fa-a01c-072d2aadb0a1,29,61,4,221.28
2023-08-22,89cb6b90-9d0e-477d-b991-8751a6381cff,1,185,2,110.46
2022-12-12,f396e678-f7eb-452b-865c-f9a7b1a6148d,8,99,3,275.17
2023-11-14,86df0660-2c9a-4b0d-b0ac-a5b0b1a94f1b,47,199,4,265.79
2022-12-25,d4efdd28-7f98-4a3f-8764-29ae5147dcbf,17,107,2,110.99
2022-05-20,1f6d067f-6eeb-4dd2-92b9-df10b21a93a1,11,36,2,82.65
2023-07-23,19b586aa-43a9-4024-8411-9d1539330910,6,65,3,108.47
2023-02-17,19592278-61aa-47ae-afe0-4ac7fdb8b3e7,2,50,4,68.94
2022-06-11,be4c58fd-f0fe-4e09-8520-f45a6ede2164,13,24,5,253.28
2023-02-08,85cf0656-9dff-46d9-9a89-c75aab896bb4,16,200,2,32.3
2023-12-08,e945f26b-d084-4b4b-91d0-e5ff75aab0b7,38,121,2,154.75
2023-03-03,40d38d4f-a9eb-4a1b-813b-9e2f10bc187d,23,172,3,134.03
2023-08-26,55d49771-47a3-427d-b976-7624bd0a1eb7,34,106,2,78.74
2023-07-24,3f69d5ae-7c46-4f93-b40d-6b177640de8b,5,168,2,48.84
2022-01-17,a7e9cded-14f4-4949-8772-f0c083d850ce,11,177,4,351.57
2022-07-24,4467bf55-9a1e-4b65-80a6-cf9190c016eb,15,198,1,67.72
2022-06-19,4d321e8a-5bc2-4528-b2cd-45b9c2d0cb26,27,140,4,212.82
2023-01-06,ad25a2e5-aaa4-46c0-96ff-f272c458a3af,33,177,5,375.97
2023-08-17,a7d4626c-5c6f-49e6-99c1-953b38e532c8,31,23,3,37.08
2022-08-16,0a8067f7-9b9d-462b-918e-a5eca7032c99,13,150,1,41.19
2022-06-08,f5a1ea01-7f71-4bbe-ab53-73bea9915454,41,32,1,71.83
2022-07-10,c8cc9d36-dcb1-409a-8bf7-6b5858f40cac,32,181,1,61.75
2023-09-15,be28e93f-a7ff-45f4-9b67-f112af2edef2,43,146,3,280.36
2023-10-17,6bdbd3d2-f9b3-4549-bc3f-5d803926ca06,39,76,4,52.57
2022-02-03,bc33afee-b0a4-4c8d-b1a3-b52484d24148,17,163,4,176.95
2022-06-23,e9a2b624-6b28-4952-a1d5-ccd441fca77b,49,160,1,42.03
2023-01-26,e1d8548f-9050-463c-8934-ced53a523309,28,182,5,448.84
2023-09-24,ea1bba71-a061-4629-a93f-8a38eb3c3bd3,25,110,5,271.73
2022-08-07,59618403-865a-4d15-ae42-d1f785c06d46,33,92,4,47.96
2023-08-03,e188afe6-ac03-4576-8af7-63cc16474719,11,197,2,134.45
2023-01-01,6d9865a8-ea6f-483f-adf7-af0ab1535fca,16,94,3,54.75
2022-11-28,73e303c4-e67d-44eb-acf2-ea878f3b6aab,39,83,3,51.45
2022-08-13,d31cdafd-04dd-482a-a598-6cb9c79f1ee1,36,139,4,94.52
2022-03-13,477d3157-c86c-42d1-baed-89075f2d8253,19,154,5,220.33
2022-10-27,8e9f9b85-c62f-4907-8303-5f5dcbfb7a3d,26,85,1,62.68
2022-06-10,105c892e-a897-4980-9bb0-4a3ac47bf7dc,43,41,1,64.0
2022-09-02,8bee8ab8-7326-42bf-8337-2f20205548f6,36,149,3,49.31
2022-06-12,9e18995c-c6a4-49f0-ac74-7884afb35a03,12,180,3,237.41
2022-07-13,a836649d-2bf4-4505-a269-0d0e84e2fcbf,18,148,2,99.93
2022-05-01,1aadfb31-faac-483b-8797-f5a694d51bf4,22,116,1,29.57
2022-09-24,ff60cb5c-6f44-479c-a2ac-323a33048bbe,18,53,1,94.77
2022-12-25,82064ce3-6aa5-495d-9402-020a715d1079,44,41,5,164.18
2023-12-10,544a4654-03be-4c22-b620-483f1fc1392e,39,139,5,217.72
2022-05-22,9d776f9d-019b-4dc7-b03c-6287dce9dc10,29,141,2,198.19
2022-11-07,315e058b-d98f-4c5a-86ef-ff096e6a6e69,34,63,5,425.26
2023-04-24,c0cbb518-c5cd-4337-bbd3-7215b3250c1a,5,38,2,66.68
2022-09-12,6e0c0afc-950e-49f3-8efb-973f320df739,20,55,1,93.42
2023-01-20,66da481c-2e88-407a-8a37-d650d177796f,6,81,5,351.68
2022-10-27,86c83f30-f8bb-4c67-8083-7cbfaaa25d2d,21,175,4,356.78
2022-12-07,7343980d-39b6-42ae-a802-e3bbab97e57a,34,47,4,264.82
2023-05-26,25e022fe-2da5-4d81-9888-e1bde4f851b9,46,147,5,486.06
2022-06-29,04e158b4-503d-45ce-a2f5-23901f72f25e,49,172,2,60.15
2023-07-13,7f822551-04ba-4277-a5ae-1977a8b27698,47,135,3,176.05
2022-10-06,5f850654-b7d9-4f2b-879e-21b8d10f4e5c,47,69,2,29.38
2022-12-08,a51d2764-9b82-4bc2-8cc7-55018f941025,11,9,3,43.57
2023-06-14,2269a9e2-0ae2-49c7-bac5-1abd7aee58b2,16,62,5,190.62
2022-01-15,f0719604-690d-4ce0-a02b-931f4dae6210,17,133,3,101.77
2022-12-04,9c9561a8-8edc-4de6-82ec-337eced446d8,4,123,5,137.55
2023-11-21,7ad9edee-e977-4d5d-8e52-cd838aa9fd52,46,107,2,25.6
2022-11-28,5c0b620a-45ff-496f-bf20-1e3290b47ea4,28,150,2,155.82
2022-12-05,263fc921-913e-4b1a-9148-2a5775bbee54,39,93,3,273.32
2022-09-29,a5cd35d6-4436-4433-b496-3b5ef4cbbe96,29,23,1,54.56
2023-12-21,d515ba5f-3830-4477-9f97-988d94b2cbb4,4,164,4,387.86
2023-02-01,eee58e41-1c33-4dde-8bab-cb852ebe2b44,46,168,1,83.13
2023-07-09,c8456731-199a-4cc1-9177-4893bfba3915,35,86,2,157.39
2022-02-08,c664a384-4bbc-40c8-9237-32c65423e216,49,163,5,61.48
2023-07-15,4575e892-6878-49c2-af56-16cb424aa81b,7,154,3,117.6
2023-03-16,bd908425-7f7d-4726-b897-2a6eb7bfb83b,48,152,4,167.01
2022-12-05,6cb832b3-6c88-4c8e-aaf7-a1035577fdbb,25,31,2,32.41
2023-11-10,65149bbd-0436-4182-93ff-609ba211737b,30,186,4,291.86
2022-01-08,6139d880-52d1-457a-9cff-ebaed181cf93,41,161,1,83.54
2023-06-02,658b8adc-3067-44c1-8c81-07f31bb09919,49,54,2,42.04
2022-03-12,c3801930-503f-49d4-b88f-ea3e3ae9c2fb,34,110,1,56.02
2023-12-03,a4942772-a9d5-439f-8240-13cb09101fe5,36,82,3,240.72
2023-12-24,8f6bcdc0-b8fc-4b63-b067-3e8367d99613,20,158,5,206.35
2022-11-04,2b4690cc-f81e-4d24-b7dd-f990d8e14841,33,56,5,277.15
2022-08-24,6ef95dcb-687a-4c2e-9676-beb8e31122d6,37,200,4,348.03
2022-10-11,afcaaacc-af6c-42d0-84e3-228dc831301e,45,124,5,406.93
2022-03-15,8cd56548-aa5b-4a5f-aee1-ff8212c2dd12,21,96,2,44.76
2022-09-06,be62b1cc-b70c-4c0f-8677-65939cab3241,24,119,2,124.0
2022-07-15,97acbb64-8368-4c5c-a6d9-2487d29dad09,14,94,5,194.42
2022-01-01,078e3072-f136-471c-bd77-6d23ce9e03e5,28,115,2,154.49
2022-11-23,a5a197e4-df1f-42ee-80fe-c2348ae4953c,30,18,4,325.55
2023-04-30,fd3c036c-8d4a-458e-8eb8-62ca5e0f749e,29,76,5,252.15
2023-03-23,834c0df3-4e98-4a7f-9148-e055f7ebe189,43,94,2,94.18
2022-07-12,09156a13-58cc-4f33-8b88-f02812522c7a,14,19,2,66.71
2022-03-08,ac168318-9619-4113-ba4c-0a9fbe4498f7,15,110,1,81.61
2022-01-20,ee2e27f8-483f-48e3-9046-0ceaabadb436,44,163,4,221.83
2022-12-27,e260b318-0f90-4f1f-8868-76d333ac0aa8,5,32,2,199.86
2023-01-20,1dcbd67a-6695-4579-993d-c90820f20b5d,21,184,5,258.23
2022-03-13,2d3fbc4d-337b-4377-921c-d0281ab99747,16,58,4,84.19
2023-09-20,18139510-e394-4b4e-9cab-ae4613943249,4,145,4,351.61
2022-09-18,1735815f-c143-4939-99dc-acedd72baa13,48,85,4,172.89
2022-10-06,b85aee35-178d-4a57-90d8-a6a1580bff9c,2,140,5,354.68
2023-05-02,b42de818-ee0c-4492-a802-213160f91ad3,2,40,2,117.73
2022-08-28,f788d6a8-5098-4011-ba57-38e033480bdd,22,86,2,129.03
2022-08-06,fa65e97c-5d05-4ef2-9ffd-7c8988e9adc9,17,74,2,91.38
2023-12-22,37ce4e8d-887f-46b2-932e-e4ecda49e2e7,21,146,4,176.23
2022-05-06,b1df43bb-1b7a-4c86-a33a-09d4eb0f9d02,4,164,3,103.27
2022-05-09,638d81e1-eea8-4a06-95fa-28f82f096d8e,38,133,5,249.86
2023-10-26,615cd4f6-c90a-4bee-9057-ba43a3b28a86,29,115,2,179.03
2022-01-24,c73cec5c-7431-41b0-8760-ec62077c2c88,9,58,4,353.87
2023-02-26,c19be811-26ba-4235-8eb0-d711ea8693af,14,63,4,56.29
2022-04-10,ebb8ca7f-64ea-4892-9d6b-58ca422c7367,25,99,4,342.63
2023-02-12,34c8e3b9-00be-45bd-a56d-2d6d35110618,11,114,5,307.0
2023-10-20,c431e5da-f82c-4e60-ab3f-c22f3398d416,22,184,4,364.43
2022-05-03,d8069665-5ecd-44eb-b7c0-f3583a549291,7,23,1,81.55
2023-07-29,be7ddb3e-f3c4-40e1-b29e-d4e04d3f105f,34,65,3,38.4
2023-12-13,bf5d72ad-ceaf-48a5-a4b3-26c1a8f32ffa,21,174,2,20.2
2023-07-17,6dfd6e86-6e2f-4609-a85b-e6102bdad93a,3,136,3,166.95
2022-12-17,fa502e4e-e2af-4462-b9d8-859534a6620a,13,127,4,377.3
2023-09-04,7b3256c0-9f51-4b92-bb07-da06e02d6500,33,121,2,23.34
2023-01-17,fd5996ca-e572-4cad-af62-b0e556ce2bfa,6,37,5,379.65
2023-05-19,5b9373b4-7c29-4258-9d63-c3f16d50844e,38,3,4,94.43
2022-02-04,28949be7-6aed-43de-acde-a709116a4275,41,80,5,89.88
2022-10-06,527c6a4f-2fb8-4eb0-a35d-d9c7b7debb8d,48,143,5,484.56
2023-10-02,1a0030a5-52e4-4fc1-9441-c7722aa0fdea,46,100,3,93.25
2023-09-17,c9fa18bd-33d5-40c9-8792-252fed4541b8,37,101,1,56.12
2023-03-07,dc3d59d9-a433-4790-bf7f-647d4d084f68,23,7,4,40.73
2023-05-24,a5aac145-8583-4fe9-9236-6910617bb0d7,13,179,5,392.81
2022-09-30,48f63009-7fcc-4048-84f5-beab20851ef9,19,35,5,225.1
2022-01-08,c697f633-a427-4974-9e53-c442b9ab10b4,40,158,4,139.33
2022-04-11,6f5123d9-b6a8-4a94-866f-a4693fe18848,30,145,1,75.7
2022-05-27,24ae848b-4c35-4986-83e0-f47106af4321,39,74,4,180.2
2022-05-31,34c13db4-3a3d-4d25-954b-c8ae0b499b80,46,96,2,154.78
2023-02-26,bae330e8-9d8c-452d-8551-4af8ba7bddcd,44,22,1,72.34
2022-03-23,f22d29ea-3836-4f7c-97d7-4678118ec194,3,19,2,158.17
2022-05-14,e14a02ca-abe6-4b8c-bfb7-10f8e60c19d5,44,139,5,97.26
2022-10-16,933a5c38-26a8-4ef2-aeca-155d5ac18deb,26,18,1,98.96
2023-06-08,a48c2145-2b55-4a25-823a-5a97b32bd4af,29,1,2,59.02
2022-12-21,973bb2ed-22c2-4724-8f37-9007de836672,42,8,2,62.55
2022-09-10,dd70cf42-8246-4c32-a1a1-f58b8781cc7f,24,150,4,152.73
2022-10-21,84cde265-22b7-4a02-8ee2-b821a1a30d50,28,24,3,78.73
2023-09-21,fa3e034b-032d-41fc-8cec-4bb298c1663a,35,155,3,194.13
2022-04-22,5b8a5cb6-1e84-43e2-9556-40c7617231e8,21,127,1,54.93
2022-09-14,4195045a-b5dc-4f97-ab31-a88aa31a9b0b,14,111,5,265.59
2023-02-26,62cb1b10-6dad-4ff1-9388-d7d29428790c,47,108,5,473.27
2023-04-04,7ef125b0-096c-4f43-afb1-49264cd77401,19,69,4,357.47
2023-10-16,7d8603cd-520f-4a98-aa83-bfa1b8a70e7e,41,56,1,23.95
2022-09-06,b68342cf-081c-4bd6-8a7c-0b9d0c9432d2,34,102,5,462.63
2022-05-12,a1dc3ba0-4e5a-4db8-8809-32ccd2f31c06,23,61,3,206.75
2022-08-30,4f831b63-52bf-4f50-a678-39e6c5a2937d,36,8,5,54.67
2023-01-14,27427784-6c08-4956-85d1-54afc19d0fa1,43,183,2,160.08
2023-12-16,6273394c-ed65-499c-adbd-030a5e82f605,11,177,5,496.52
2022-02-28,912ad0ef-b4ce-4ef9-8c55-b0bc14cf369e,26,90,1,15.28
2022-03-01,64bf078a-fe68-45f3-8271-53546e9a4170,43,107,1,80.08
2022-04-24,f60d2505-683e-4fb2-8b6a-0ee6e057f1b1,2,196,1,50.24
2022-06-27,179cdbd3-2f0f-4d0e-9f79-51f7adebe81b,42,81,3,132.12
2022-11-11,c527aa6d-990d-43f1-869d-971c5dc80710,33,200,1,11.02
2022-12-13,12bf82f0-3668-43d4-879d-ee8e774052d2,13,177,2,78.15
2023-03-06,681fa0f2-f722-4640-be83-99d676059338,32,177,1,72.29
2022-07-11,df5c976f-79d7-4814-b40f-17dbfb34d178,38,116,4,335.89
2022-02-11,106af330-acd6-4f22-b421-297dd23bf123,8,53,5,286.35
2023-10-16,40e6ef6b-ff1a-49b4-8fdb-417976fa9141,41,9,3,137.38
2023-12-07,33ef395c-a60e-4a3d-a5f3-283cd3b6ff87,39,5,5,164.86
2022-10-12,0da26de8-b7f9-4d81-993e-9164d4cab6ee,3,75,1,68.38
2022-09-29,6e2d0a50-1d47-449c-abef-b1edf829a1d0,45,158,4,171.24
2023-11-05,0b140ae0-66cc-4c2a-9378-d8ede5a82ee6,49,67,1,14.23
2022-04-07,3ec1be0f-85ff-41ab-9a72-6a080470acbe,17,166,2,51.97
2022-08-01,8fd348a6-1d8e-4c76-8f98-d5e1333f2536,48,181,2,44.93
2023-05-03,47ef2cf4-b7b6-48fc-b232-fb8878118d26,45,21,2,158.48
2023-09-16,84842f7f-1e4f-40ca-98dc-edd8627ea4f6,8,162,5,416.58
2023-09-17,2c15044c-51aa-411f-a606-d544e80108a8,37,43,3,109.81
2022-11-22,3cb60594-737c-4265-93a3-59524975a1aa,44,13,5,389.81
2022-02-07,816ad0b7-fd9d-4cb8-bed9-ea742e7ac5d0,6,43,4,294.43
2023-10-18,5b1f13ec-042b-46a2-b9b1-6c31b06c7a43,45,131,5,241.83
2023-11-05,0c21a3cb-1821-4b6c-8d80-ac9ec97c3315,23,194,1,14.44
2022-09-13,ca052a30-5a58-4178-b6fa-990718f772ae,14,182,1,19.27
2022-02-26,8e8a18a6-7e6e-42dc-840d-71cf30a505db,34,155,3,130.81
2022-02-06,1f377982-ebd2-4352-86b1-249c20791529,39,148,3,163.44
2023-01-03,e6f1a777-c402-439b-be6c-69f3a3f82c90,18,175,1,44.11
2023-07-27,d16f6e21-db0c-4127-9138-ab5ac90ba5a0,49,103,4,125.5
2023-05-04,b7174ad2-8d16-4af6-b3d5-04475d61024d,43,164,4,379.8
2022-09-03,3311f415-bf89-4411-80ac-d527bf308a41,12,45,2,135.74
2022-03-31,0f827c6f-6d2e-4004-9e65-319bf00291ae,12,165,2,197.31
2022-01-06,1032cad4-91af-489f-8b53-4067097978fb,21,93,5,417.04
2023-04-09,08d11de4-9ccd-49a1-98ec-4f4a6b4d837b,30,155,3,101.58
2023-09-15,ac07d64a-ac34-4ab2-9556-49fc55bd7f6b,24,19,2,26.64
2023-09-15,0504005f-5b9e-4f6b-82a5-23581ba7ab53,38,73,3,64.78
2022-02-23,fbc4840c-bf0f-4a5c-bbda-6d1a50891957,28,44,5,497.01
2022-12-01,ac097d9b-1ef8-47a6-b9c9-48e28f058fa7,7,191,4,299.82
2022-05-12,8ffd8b22-7624-4f62-903a-f721e82ee8ae,24,35,1,49.51
2022-07-21,001d807e-1c31-4360-a223-4e9bc6c52851,48,160,2,145.12
2022-12-12,e5b332a1-5ded-4fa1-97bf-ea8fd4225637,8,13,5,64.48
2022-10-14,41420a4f-9086-4354-a509-96b69be29857,34,159,5,496.24
2022-09-24,d26f10b1-2970-4d21-8bd1-ea5e6435c31a,1,43,4,192.46
2022-09-29,649d9507-d22b-420b-83cb-e8506f3c962d,5,75,4,201.25
2022-08-27,741af3d3-984d-43ae-b5e3-b1561a057c1f,8,186,3,148.36
2023-05-18,46be4f12-111f-428d-9db8-774a70109ec8,50,63,5,131.66
2022-12-06,e6cecd18-2943-4942-92e1-5ef2fd893a25,44,114,3,156.23
2022-01-12,5d87ed34-4904-4e5d-b781-c991d745529f,39,138,1,91.44
2023-06-25,16dfdb82-5e0d-4242-b946-b28031e97203,28,85,2,81.72
2023-03-05,2608b4b3-ac07-4e96-a407-bc132f96925c,1,155,2,127.63
2023-07-09,f97d7668-3b91-46ab-99f9-e2888f194833,50,122,5,406.47
2023-10-05,30e7a34e-6c44-4255-8137-9be0f4b8902e,48,143,4,146.67
2023-04-21,07f4db3c-1f96-4104-8cda-cf2c6637bb24,3,173,2,198.09
2022-04-27,ff1e98ea-1732-41e1-862a-4274ff93caa7,44,81,3,189.73
2022-09-23,f4aae099-8c9a-4b09-aaba-c533abc0793b,41,183,2,185.02
2023-03-10,c393b237-f3e0-4911-b654-34051d157826,35,166,2,76.66
2023-08-03,27d45b20-4bc4-4d8c-a7d0-107974e577a6,35,191,5,334.47
2022-03-25,9e319088-edfc-4e08-8c1c-a09e4c931dd1,15,77,1,98.66
2022-08-27,dedafc3d-7a38-4577-b596-13c4ea062718,31,19,1,71.63
2023-09-01,e83219b1-c17b-4ecd-ac59-2327bb1b4247,7,101,2,145.61
2022-06-24,d60b8c61-b280-4473-8164-8c088eecf0a9,35,77,2,76.8
2023-10-01,d5435274-eb1d-4e7b-a25d-da774f583339,43,91,1,85.34
2023-01-13,de474d10-4994-4b26-b79b-abbc66dd6a58,45,60,1,93.3
2022-04-05,877cb527-17a3-42bd-8415-01764084d147,7,166,4,253.46
2023-10-16,6cc2f7df-22d3-4ace-a41c-322fea7d9576,31,83,2,180.85
2022-04-04,e57b643c-05ac-4582-a2a9-f66e245d0ec1,21,132,2,69.85
2022-04-01,7c9f2f71-088d-4093-9ab0-2bdcafacc738,40,56,4,359.53
2023-07-28,6c41d33e-d232-440f-b79e-60cdbcbb1ff0,48,57,2,78.86
2022-10-16,fc4e2dfb-6b60-468a-b927-a0c13a07698e,39,15,4,59.64
2023-10-06,3f42d3fc-2fb4-4461-9e37-cc63a69c3646,20,83,5,218.24
2023-08-28,88f2a64c-2056-4bc8-a098-9dcab92708b4,42,19,3,182.42
2023-03-03,f18f698c-6fdb-4b36-8778-ca8e4b216179,19,57,3,253.52
2022-10-28,f41ea1e3-2d54-406e-a39e-d83b2e09ce22,32,99,2,188.02
2023-07-26,66e52249-e69a-4e6a-b1a6-c59688b81f22,45,134,4,282.26
2023-02-13,66a1f68d-132a-4ed7-ab50-c8da943a20be,39,45,4,205.78
2022-04-19,efbe01f2-f7f7-45e7-9839-50aa622ab998,31,2,5,425.76
2023-06-23,cb4c9699-3973-47e9-9655-a909b53874fc,9,146,3,278.01
2023-07-29,fd964f24-0313-4da4-90ed-435b926c038f,6,194,5,453.18
2023-12-05,d9c33c2c-f26d-4038-ad85-ad2443858b8f,37,43,5,388.49
2022-04-28,17a16e01-8ef6-4bb1-8732-da8afddd3e25,36,138,2,63.06
2022-07-13,de185baf-37db-48d5-b2a1-01f0c98ce231,17,88,1,49.43
2022-04-02,f54511d5-bee9-43cc-b78a-859352c9f51d,25,43,1,75.32
2023-05-15,91704d1b-5e83-4491-a094-c4e5bafc3008,10,169,2,103.47
2022-02-20,afb0e871-1e75-4d7c-a3c3-90313250c3ac,40,188,2,80.39
2023-09-30,21ca9cb9-5b7e-4902-a318-f778ee48cb53,47,140,2,140.31
2022-11-08,16548359-4391-4a76-ac5a-3b968545a442,41,84,2,167.3
2022-01-23,25d7324a-ef0a-4e3e-8619-3909a5a154b7,11,5,5,359.74
2022-10-25,a4ebd2a1-f852-4548-ad6d-124ffa6b4e5b,3,15,5,436.29
2023-10-10,072027ad-3109-4eca-9676-c2ca0ee2c649,16,43,3,132.65
2023-01-21,4d110f65-ed43-4bf2-9191-12c1064cb2bb,7,140,1,10.03
2023-06-03,93819ffc-5646-4217-8096-77bbe2af6009,26,64,1,62.9
2023-02-06,80bdaaa9-a260-4bad-8e0e-df5173cd538e,29,26,2,147.88
2023-10-23,0a9caa85-479a-4ad2-8096-6d0659d06b4b,31,92,3,35.27
2022-12-30,a9828ea7-dbce-47c0-9567-3a4c653f6532,15,113,2,119.48
2022-05-12,bcca325c-9462-4f09-82f5-f94dfb3019aa,39,142,1,32.36
2022-07-22,abd03293-c33e-4654-939c-f99196ad8741,48,103,4,236.34
2022-10-14,dca653a6-f4d1-4b9c-9121-3e4a376e2a7a,24,149,4,298.44
2023-06-11,eaa77cb8-d81f-435a-a000-653f1972aaff,38,165,1,61.84
2022-03-05,70e91157-6d08-45bf-9afa-954b1312079c,9,66,2,162.38
2023-01-28,1f7a855b-8fdb-4692-a249-08e5586130fd,45,42,5,180.84
2022-02-05,f614a1b3-df5c-490e-a7a7-d31e460ec19c,34,142,1,18.32
2022-05-03,def9cc82-5ea7-49f5-a94c-e01afc78545d,7,24,3,173.27
2022-04-16,4fd58606-5374-47ad-b742-9074e745ef96,50,26,1,22.23
2022-10-18,b829ae5b-99b9-49c4-9e74-d31bf3be1d32,47,71,1,38.8
2023-03-21,1a653605-7523-4b97-9896-2b2c4de8b7f4,24,180,3,225.27
2022-12-15,6f541323-b086-4194-b0a9-8856ca692acf,32,144,5,496.84
2023-05-16,88db04bc-bec5-4a51-8bee-65b65eb9337e,21,80,1,64.86
2023-05-25,5a45d9d6-ec98-4011-ae81-0827246ea435,40,89,2,113.19
2022-11-26,cd050ad1-07ce-4ee8-a0fa-9be88f893e35,26,159,4,287.94
2022-05-17,1a9a249f-3940-436a-b1ed-afcae37324fd,12,196,5,147.83
2022-08-28,69c7ca1a-b4bb-4375-a333-7abe02c3d7d4,45,135,4,130.7
2022-07-24,d988eb27-a571-4740-9ba1-c7ebd2eb8f2a,45,63,1,43.13
2022-06-28,62d43b9f-eca0-40b3-871a-08b0a1cd93e9,40,5,4,66.6
2023-03-16,45eda9ac-8760-4d1d-9bd2-045f5d14ec63,31,101,5,312.24
2023-11-23,8c31fedb-616e-401f-91e3-6251857d4dd2,5,54,1,52.71
2023-01-09,04bbf010-a7f8-438e-bd0c-28fe5bdb5749,9,63,2,109.11
2023-09-12,80f4f6c8-13fa-4b4b-868e-b7e463dd0e47,39,7,5,87.27
2023-06-21,9b925673-1635-4beb-b794-be367600eb03,13,140,5,428.86
2023-06-16,a9d41698-0189-4de4-a5ec-907b594000c0,21,49,4,139.45
2022-03-23,c397340b-f1e5-4fca-a061-81bea8ee067c,19,32,4,127.64
2022-06-18,16f55937-39cd-4dd2-aa5f-17ca89b96ffe,44,192,2,119.89
2023-12-05,cc392c3e-5e3a-495c-9af0-ed88f2793c49,1,126,2,49.93
2022-07-18,8b35914f-d92e-48dc-9651-8f3c9b77379a,44,66,3,57.11
2022-01-22,39e7f0e2-88c3-4e8b-88f7-53e0491e3a06,20,95,5,492.46
2023-06-23,3a6593bb-3bd4-4694-9ce1-b018c3cc8e7a,7,19,1,38.25
2022-07-29,20521cf8-9062-4277-87ea-d659eebe50b0,27,187,1,40.18
2023-09-19,705b303c-a017-4281-8279-b8729389c851,30,85,1,94.24
2023-09-26,32bdfdea-597f-4f07-9984-f5070718f7b5,3,61,5,299.67
2022-12-30,4921fcc9-3000-47ce-974a-0a3d8775a34c,19,28,5,266.43
2023-10-04,eb20a2f0-cf98-4819-a710-43439d51cb70,37,120,4,375.99
2022-09-14,de73c1f0-85fa-4f2f-b847-8ac30d87f03b,36,62,2,70.02
2022-07-14,9c155213-4cd8-4ef8-9d84-3732f29af6b0,8,156,2,109.86
2022-12-23,83d91361-a588-4ea8-9f0b-1d958002d063,16,43,2,112.53
2023-11-23,184e8be8-0825-4f10-a1f3-ead468eff1a5,23,98,3,252.95
2023-01-30,78612aae-4787-42a2-a302-7d970701eacb,40,5,2,61.44
2023-03-22,02fd5561-0ae7-40ea-9a44-a42daf662be5,32,92,3,174.12
2023-07-11,734654aa-356c-4862-8b39-ba0e414d5c58,37,43,3,288.53
2023-11-24,2d186780-0e41-46fb-ae22-bab7f4145eea,21,21,4,353.65
2022-02-21,19e627f5-31b2-4bc0-b246-d0409f969e0b,4,69,1,73.97
2023-09-13,001bca95-7de9-4184-8ba3-50686559e059,30,43,2,55.94
2023-08-29,c5c9ad97-eb3c-4557-a423-4613d487772a,19,105,1,31.66
2023-01-17,4f7353bd-e9b0-4f5c-b916-c634dc96e62c,8,82,4,199.12
2023-12-01,189b72d9-76c6-4387-8d17-9daf37c9343e,21,166,5,92.87
2023-06-21,a96b3cdd-762d-40ac-bd5b-d529c1cd64d0,44,58,4,220.93
2022-12-30,37b71680-0624-439d-af83-3e2d44706370,12,153,2,143.22
2022-05-13,b5ebeb9e-12a4-43ae-a4a3-5b373989d0b9,35,29,4,372.88
2022-04-24,413ee47e-00b5-43ee-a10f-50f326d53314,34,89,2,78.21
2023-03-04,d7c1722b-d944-482e-a2c3-089ef1d13da3,22,183,5,330.05
2022-01-26,f808b9f7-58b5-4e3d-a7ae-4bae71f7080c,33,190,3,153.29
2022-09-28,145652bb-5b01-47b3-8d9f-53d73d6667e2,7,171,1,71.09
2023-08-04,1e21504c-8cf1-4bfd-ae7e-6820d3407769,20,6,2,27.11
2022-08-14,678afe33-57ba-4fd6-aaab-9b76c39b969f,42,118,1,98.01
2023-04-19,ec7e712a-c252-4684-87a9-8a908ee892cd,18,56,5,320.97
2023-12-24,cb813f40-ddb2-4a81-9f07-effe90c34a9c,46,89,3,238.53
2022-04-15,03a7edd2-661b-4e5f-a408-112950afa861,47,34,2,88.38
2022-05-21,d9b92919-62d7-4ff2-8f19-691197f9bd6f,43,98,2,161.74
2022-05-28,dc57e2d5-08f7-4450-9ecf-07bc7c8c8226,46,98,3,164.28
2022-04-19,44da629e-3410-4220-a1cb-cfce5112b26e,27,178,5,157.01
2022-06-12,5f7a9902-c492-4943-8f16-f5a4db5c057a,40,163,1,65.24
2022-11-13,49ebaa57-20a8-401a-91ee-18958e788d24,10,193,5,403.8
2023-11-18,c3db5180-9947-4153-9cb7-8aa1f4c852e0,24,89,2,142.01
2023-06-29,d09b4b72-e6ca-48f5-b44e-50dccb94e871,8,46,1,56.04
2022-07-25,ce2a090f-d069-4f4a-ade1-d06a60451b99,36,61,5,274.76
2023-04-13,4b7c5022-16cc-464a-a7d6-d1d1384aa7e4,14,89,4,350.53
2023-11-03,c3058680-fbf7-4de6-89eb-9a3dc93880a5,6,13,1,35.08
2023-07-23,d6c9722c-5057-4bd9-8270-484c2e60da7d,6,99,5,325.62
2022-02-07,ea7d0587-1a17-4f95-9439-e78dbd6ed124,39,158,4,237.66
2022-10-25,d11bbb38-e14e-4e62-a9d6-95383bdd696c,27,195,3,276.88
2022-05-27,278f0914-d2fb-4ebb-a3d8-43152551164b,47,127,1,84.36
2023-04-30,e46e7db2-efa6-44ee-bc3d-c17b8a02bbfd,18,109,3,48.1
2022-01-27,d688b237-4674-4418-ba85-d1a18397bdde,28,31,1,94.14
2023-10-24,cf756f97-4683-4c21-b634-c0a35be29ed2,37,198,2,158.94
2023-08-08,7fbd884e-6484-4936-9d90-2ddeb636bdba,17,106,3,104.28
2022-03-01,2a1a4f38-6047-44ea-8f1a-97f22126848c,27,147,2,193.56
2022-05-31,8eef5136-2c00-4c71-a58e-00e9caa9ad4e,36,104,4,357.31
2023-03-04,958e5856-12c4-4fb8-bd56-d860c6e312d3,42,121,3,180.48
2022-02-16,907f1f28-b6fd-4504-a982-b747875e6a2c,38,66,3,92.36
2023-05-05,9ecccd01-bb46-4624-af76-6c53657b9e62,45,15,2,194.94
2022-01-27,3f169bee-bbf1-4ed0-9f20-578767b2a3ff,4,112,2,144.13
2022-02-04,a6066a00-d965-457a-8282-2ccca0c6a8e6,42,104,5,211.29
2023-07-28,a3e06e08-3454-46df-968e-5b6f4e91d92c,20,170,5,436.31
2022-12-17,7542405d-6a3c-4e66-9297-c6ee6451f21b,46,28,3,84.25
2023-04-15,a1a30a25-780a-4409-aaf7-ccc8ceb61296,12,79,5,219.15
2022-02-14,e3daa8bd-4961-41d7-9bda-71ff85c06fe1,31,102,1,27.54
2022-06-29,99d04b2f-d3d4-440d-a54f-e7b068a0068d,2,167,3,193.74
2023-12-15,3fc8f050-93f8-497d-b8f2-08a2d2496eed,47,33,1,69.44
2023-07-25,8f55efd8-cd21-4611-9785-1a6ed77774dc,12,158,5,355.3
2022-07-19,291d7443-0dde-4e55-8ca6-591f9aa2ecb2,45,27,2,191.67
2022-11-10,ac21aaf6-da82-40da-8488-8f96504e6490,40,64,4,137.47
2023-09-27,66bd937a-d418-4830-992f-670183eca71d,8,55,1,34.72
2023-01-11,b70c7c95-79af-4df5-be62-7f9e30ead086,9,77,3,155.61
2022-01-11,e835c1cb-9cae-4692-91d3-32f11f748f32,28,51,3,281.28
2022-01-26,7e33497d-7c18-4ae6-a7a5-e4b5fe00d5ca,22,128,4,225.88
2023-03-02,839a231b-a27e-4fe8-99a3-c214a1f10ff4,28,99,5,275.67
2023-08-13,ae51b3c3-2fe1-4610-a11b-ac9881494c73,49,157,5,273.62
2022-05-09,c81a421f-ad43-43e9-beab-3b300b0c8c92,46,72,3,127.73
2023-10-07,d1b520f1-b4f6-4641-b4ce-76694a512aed,24,22,5,457.82
2023-03-06,3ae3177a-0b28-43a9-a04d-cc38adb8fe8f,31,74,4,140.17
2022-12-10,7c0518bc-041b-4ebb-8435-9ac37a2bd767,38,95,2,32.51
2023-06-26,c5a0fd04-1468-4abc-8d73-ee6a23afbf99,43,198,3,143.21
2023-10-10,5ff6c0be-ac6e-4aff-b0a9-53dab349313a,28,187,1,17.41
2022-08-24,d783cd11-ebc0-46ca-bcd4-f38df346380e,6,131,4,61.25
2023-09-06,17b10823-e6c3-4888-904e-6b542781d65a,36,86,3,237.72
2023-10-22,93bc730d-3b5a-428d-97a7-986d9074779c,12,175,1,97.57
2023-05-27,af2dea6f-2296-486d-8342-f40f98e6543f,12,71,2,84.53
2023-09-15,a74a7c9a-c632-44a1-b57b-4245be41cbdc,23,148,2,69.07
2022-09-23,b8a9ae5a-5430-4e30-928a-c036792e8900,39,122,5,392.52
2023-03-24,aa0055ed-4832-4afa-8cd0-7657e9f1181c,44,183,4,130.65
2023-03-08,bd5ec108-ba6a-446b-83f9-51f60230fbdd,30,181,4,161.68
2023-07-14,80c4e2f1-41df-45dd-bac5-2ebe11c6163d,45,183,2,32.96
2022-07-20,ae6750a2-6e9d-4157-831c-80fd185a29ee,38,120,4,72.6
2022-01-19,36f425a3-7ca2-47ba-827c-f8bb8383ad4a,27,106,1,96.65
2022-02-18,3dfddd09-6df1-4d68-8ebd-835ff6da2ae7,42,179,5,471.49
2023-07-17,2b203327-7d6e-4019-817c-4949c6c51c32,43,168,5,456.5
2022-01-15,b7f47d19-1965-40f4-859d-22b6993d33aa,29,111,5,331.23
2022-07-16,d4ed63c1-12c6-46f3-abe9-5914d2bba7de,37,73,3,281.76
2022-12-15,6c92a808-abb3-43b9-8a01-c7509ff5b432,10,157,2,88.48
2023-11-17,741cf2ed-f974-40f0-8c63-7e0d709968da,12,170,1,86.38
2023-10-01,fb7e0464-e10a-4a16-ac7a-6638ea67b0fb,33,184,1,65.35
2023-06-26,6c763d5f-8588-4d9b-87b2-191f9c2885a8,3,154,2,84.92
2022-05-01,b66b691a-afce-46b9-a8d6-01380a456268,41,198,4,212.87
2022-05-12,c77f57da-da62-46e8-bd19-96697bb470c8,49,66,5,87.34
2022-09-03,4a51944d-af43-41e5-b7ba-823336b1e28d,20,146,2,91.36
2023-01-01,a08048b5-1a2e-4404-b5f6-3cec80bb49f1,50,96,3,45.36
2022-01-30,b2a2b14e-218c-4669-97a0-d170e0df603e,42,37,5,381.22
2023-11-08,063416ce-7c9d-48c6-ba32-ea4f0300e754,30,115,5,251.99
2023-06-22,4c337baf-462c-4e53-a59f-2f87e5ff01b4,41,22,2,88.44
2023-09-24,9671f22f-40be-448d-a131-05a99807c8a9,35,41,2,72.52
2022-02-09,20fe12c7-6fe1-40c0-8ff0-326931e94173,23,142,2,126.67
2023-04-27,e3180f92-5466-4609-88f7-ad851e0be14e,31,74,2,56.67
2023-09-05,9350af39-e269-43f6-a765-ad6ce15c19ad,11,200,2,104.89
2022-05-15,bd114c76-36a7-476a-9225-1b7511246ad8,19,143,2,113.18
2023-11-26,cdfafb46-5cd7-4dec-a7fa-5b6d6df4e24f,24,79,4,392.52
2023-06-08,9345e293-83ab-46f4-ac69-f058587b9dc0,42,46,2,199.63
2022-05-19,da878dd2-e8aa-40b6-8432-1f68061a7123,11,189,1,10.25
2023-08-05,db7ccaa1-6c6b-47cc-a521-6c62b3d5add0,38,75,3,184.61
2022-09-27,a0338eda-d500-4895-b270-d5eea54b1adb,42,175,2,151.58
2023-02-08,f940d7c4-6be6-4e02-b647-55e04efd350b,47,119,1,83.59
2022-10-31,b3a8264d-6226-45ae-9956-522d0ed7a79e,9,98,2,116.68
2022-11-05,d863c5e0-956e-4398-a30a-17f9bc940570,38,134,1,54.04
2023-08-07,9d7e9db3-0468-4ebd-9541-c47188194f50,22,185,1,40.26
2023-05-25,5e717385-5ee3-4885-ab62-e3e9d9dae8d5,18,186,1,56.98
2022-06-05,046d3d73-a863-40ac-b74f-72e7dd026910,41,24,4,353.8
2023-01-26,dbd8171d-67fe-4cff-8f87-d6161134fa48,47,193,2,130.52
2023-07-15,53d7a0ab-1203-45bf-a8cd-731cac785743,15,56,2,29.79
2023-11-17,f0513f23-4fbb-4440-b8c3-a89b9c690bbc,47,119,1,35.08
2022-08-13,5c94c42e-b9c5-4963-8af2-2dc9831efa8b,8,187,1,43.12
2022-07-07,e3443628-2109-4dd7-8492-5e6055ab0785,16,124,5,344.21
2022-02-21,19106f70-9f86-45ff-b463-f972a75a7102,44,161,3,126.5
2022-04-24,3a206333-be33-4ade-aa2b-73330116da9a,8,192,2,148.63
2022-04-05,e0d068a9-633c-4c05-8146-23273a48875f,19,84,2,142.87
2022-07-13,03840069-5c75-4ff0-8c8a-a147c4355ba1,12,62,5,340.09
2023-11-09,0d2a65a2-2eb0-4832-9e3b-ec63ede65f2b,11,123,3,274.63
2022-06-21,8bbda2a2-c9f5-44e0-98e3-f7e3fe8927a7,39,187,1,70.1
2023-10-11,eaadac3d-c41b-427b-810c-ae5791221990,10,184,3,257.04
2022-03-14,6cda34c2-4ba6-401f-93f0-1dbac34c36e6,47,36,1,18.04
2022-12-21,50a899ea-c252-4a2a-bcc0-2bba84e8d1fe,29,86,1,32.9
2022-02-02,0f8ddddf-1cb5-40f0-b42d-e3887bb2f931,49,31,1,13.79
2022-02-03,aef3b1a8-61ba-43ef-89e1-56b37071323f,6,148,1,37.03
2022-11-17,bdd90f30-bd06-43af-8675-bff0a63d150b,45,135,4,82.02
2022-12-12,1c5a1933-92bb-4e02-843e-a3fb987ef55f,16,136,1,46.5
2022-05-23,3bbe9982-2e6f-468d-acd5-a52e903b2fef,16,4,4,387.67
2023-12-28,d6f2bde0-e8df-4cba-ac58-1ccbf40d18fe,35,174,5,442.17
2022-12-20,afcd07f1-c37f-4385-872b-4aad71a318ff,27,99,4,231.27
2023-05-25,5c849f69-b4bc-4a8a-928c-b2513e705694,19,180,2,176.93
2023-11-26,82815517-0510-470e-9cac-8fc7429c297e,41,95,1,66.98
2022-07-06,e02e7b72-7ccf-4d06-9354-12923d809ad6,2,147,1,35.15
2023-06-03,42a4f107-fb80-4a39-be12-077aee3bc6bc,50,184,5,309.58
2022-05-08,dabcc0a4-4349-4490-903b-f0d894a9617c,20,170,1,83.22
2022-06-02,db48ac57-9d44-4c8c-ad6a-d26cd8237224,20,71,3,174.42
2023-01-26,f9ba13dd-faf8-4933-874a-7bb20a05d0c3,28,8,4,186.58
2023-01-20,e6610db0-8854-47ee-9397-63706d3e6600,41,113,5,196.31
2023-06-11,eeadd3e5-311d-49ce-aa84-aa7917c0c9b4,36,107,3,206.73
2022-12-03,dc0d6cb7-adae-45cc-8445-e3bea48ff1da,35,2,1,75.62
2022-08-16,d25c4c5f-25dd-41ab-92db-ad5888bf7bba,45,89,4,382.12
2023-02-18,39d26e1e-7edb-4bb3-8803-d00483860ddd,21,117,4,293.88
2022-01-14,c58b1179-8af9-4f70-88f1-1a1cf59d0333,48,30,5,177.72
2023-12-28,cddea431-8fee-41aa-9b25-106aee992031,14,95,5,76.59
2023-04-18,90a4ef68-8322-4ac5-809d-979546bca09d,15,192,5,434.35
2022-03-30,ac5f1dcc-4b74-4f89-afc4-6b5971eb8b40,26,24,5,437.93
2022-09-13,2a4702d7-89d0-44f0-a941-39e63d316804,4,70,5,265.87
2022-08-20,bf05e785-2f3a-455e-ac74-97e0d41a27c6,32,120,3,46.04
2023-04-27,0c88a959-26db-4060-b225-d72a878ae51e,13,151,3,160.3
2023-11-01,a62ed762-9edb-43be-8f05-0cb5b62c3358,8,148,4,301.26
2022-12-09,3472bf07-8164-45a3-a4e5-69fc4a77414f,14,153,4,244.78
2022-03-31,e83471ec-6ddf-44da-92c5-baff2b94eaba,14,53,5,133.31
2023-03-13,f379a8e6-7307-4cea-bb92-73d5fd004e11,42,56,3,180.21
2023-10-06,3f52f4fd-a407-4de7-8cf1-4a7e7c647a0c,11,196,3,229.78
2023-03-30,9ad39a80-6807-4071-b99c-d288f07f9308,17,110,4,272.81
2022-05-19,e391267f-ae1b-4983-a7c3-11e5e88bb1e5,24,155,2,136.08
2022-11-05,7bbbb61c-e108-49db-bf27-ddff7fb25e8c,35,14,3,124.01
2023-04-16,aea6f900-6594-4d79-aa1d-d5f2e70d63f9,29,102,1,10.59
2023-01-02,3d3054f2-5586-44ab-94d1-d73e93a7b5a3,23,107,1,44.37
2022-10-01,f4ed3ef8-f1dc-4d42-bb48-e172120335e4,27,133,2,23.88
2022-12-09,6a87f684-d902-4e12-b439-de6a33fa0ea7,40,102,2,155.45
2022-06-15,fc8841fb-88ec-4c5c-bc22-bd9906b831df,45,46,4,57.01
2022-03-07,ea658a42-f18c-48a9-9dc6-527ecbd5de83,36,136,4,44.43
2022-04-02,1c92e128-f04f-4e8f-9694-3c9ad56cbc02,37,146,2,111.69
2023-09-01,94030c88-d7c1-4656-a157-3df35a330048,22,49,2,24.47
2022-02-13,4882195a-2eae-4809-a33e-1d289b924c66,23,126,2,118.14
2022-07-26,c47d63a6-2998-4f7b-a7c9-28f8c9ef042a,4,110,4,150.03
2023-08-31,4329a97c-95a3-4b44-908f-12163fc60758,37,168,2,117.01
2023-11-25,af04f1ef-33f5-4cdb-a891-d4abcaea1c49,31,47,2,24.75
2022-06-25,36cca924-f297-4dca-a4b7-1989d8cd6d98,45,95,2,47.39
2022-02-19,601f784e-a145-4812-abfa-a22a185b8479,47,108,5,62.74
2023-10-20,23156acf-a3d2-4397-b4dd-4619ef97a69e,50,121,5,190.38
2022-03-14,62aeab53-258e-4b73-bf69-b6a87d7edfb0,50,186,5,440.59
2022-09-09,b334631a-3389-4bd7-baf8-ae21b3115f15,13,23,2,111.24
2022-01-13,c1b31f21-89a3-4ff3-837f-d273b9a7e878,28,32,5,200.75
2022-12-07,2dab0883-5bd0-4ecc-9c6d-be7ac45f0325,15,17,2,121.77
2022-07-23,19d8f3a6-3780-47f0-815c-8966c0b5c523,14,128,4,359.85
2023-01-02,9d390eb9-af2e-4f26-80a1-e1363160f7ae,39,193,2,199.01
2023-05-14,e38993b3-3d79-4a4a-8954-3ad560468890,11,43,4,273.68
2023-01-12,86a243aa-cd6d-4f4f-9dfe-a61ab9a08c3c,18,65,3,118.97
2022-07-22,8784a156-9238-4d95-b907-146f7e916f1e,21,70,1,75.01
2023-11-23,d3a09e4c-2a2a-4081-8277-5e4dda7ab8eb,21,50,4,250.95
2023-03-17,f9bba564-c47e-492b-b0f2-2e9af1b535c6,5,83,2,166.38
2022-01-24,8421cb2d-791f-4f81-871f-aa0845eaf4a9,6,116,5,472.5
2022-10-31,3160d597-3f9f-41c1-b755-e16b3d5b1044,37,197,4,270.08
2023-12-10,027745bf-53ee-45d0-bd0a-593a33084e0d,27,30,4,123.5
2023-05-17,efce8600-77e8-4fd1-8678-4f894eb24861,45,99,3,270.12
2022-11-14,235ba6b9-8685-4fa6-9d8b-fb681c0d6cd0,13,9,3,197.67
2023-04-09,e6858e53-c8b9-4c15-9002-278b36e06cd5,38,12,2,69.31
2022-05-03,7253dea0-d8d3-4a3b-8dc4-561c0a93ef4c,12,100,5,333.75
2022-04-03,3b177b6d-ca8e-4eb6-afc9-5e20fc8c42ec,20,61,4,356.44
2023-10-30,3e1ee9f6-46a4-48ff-8e71-b99d2e85e004,21,103,3,288.96
2022-01-13,751e8390-0009-4c0d-a7e0-fcee1e8d8c5c,50,71,4,52.06
2023-07-10,4f47de0c-915a-4740-90a4-286d51bc9451,8,41,3,288.6
2023-09-20,2147467e-eebf-4c17-85d4-3c0ceb295c82,45,112,3,80.48
2022-03-08,7ec871b9-22d2-4aec-92e8-138e29acfda9,6,100,2,21.02
2022-08-19,981e96e7-bd54-49ae-a305-54d70b70bc36,14,56,4,76.67
2022-12-17,bfdf7bf6-201c-4315-b702-259149d58541,32,26,1,48.13
2022-07-03,8e124607-b7ad-4893-b4fb-89a6f531c81b,10,124,4,85.87
2022-07-19,d0b65673-aa34-4606-87cd-05072fab418d,20,40,4,374.72
2022-11-10,a7851831-a832-4ad6-b780-03eeb96be457,14,93,3,255.48
2023-01-08,d2a966d4-a61f-4346-82d8-ebea7dc862bf,28,67,1,31.57
2022-09-06,59e5303f-e18b-41c1-8e93-bedc8b287404,27,135,2,160.69
2022-03-01,6502a294-48fa-40f7-a2ee-dc0ba87d1505,39,49,4,238.34
2022-10-29,1254e361-10da-495d-97c5-f6a4f8aa4cad,38,101,4,177.92
2023-07-02,29c8c6fa-209d-4ab9-83ad-f473f440b577,31,150,4,356.02
2023-07-27,d1832204-f61f-444a-ab15-22b18d70e399,13,119,5,91.71
2022-09-30,61af38f4-ea4b-4a91-b7ca-fe091d616952,31,162,1,81.78
2022-07-22,1838c39b-9422-4ce6-96e4-f9b198f3b33c,6,132,4,97.02
2022-07-11,37248514-417b-4f2d-933a-72f43b81be03,39,163,1,34.71
2023-05-10,18d09350-6a80-49bf-8c8a-687951aa2772,1,199,4,168.04
2022-08-26,dee62a69-0b15-4b92-99db-da54cfdb1f3c,7,42,1,91.95
2023-11-28,3b431207-8342-4360-9cae-f428e2bcf470,25,179,1,16.15
2023-09-05,b6e0c76e-adea-4feb-83e3-15fd0bf88f83,34,110,1,55.94
2023-11-10,2e6f6915-5b03-4351-9f37-d468b06fa589,28,66,4,137.11
2022-12-08,613a6233-8750-46d4-a354-276405b51c59,8,70,2,139.26
2022-10-31,7a426fa1-402d-4f6a-baa9-d422ee87dea7,43,160,4,160.88
2022-08-10,0f114680-2b91-4fc4-8b05-128f4e07bb61,23,104,2,146.38
2022-03-03,7319c200-7af0-4a62-bb28-38132f93f858,10,48,1,16.43
2023-04-11,fe75de3b-2679-406d-bacf-97414188bfb8,20,22,4,298.91
2023-07-26,ea00ab7d-52bd-4c3d-ba72-03d701ddbd2f,35,119,2,57.13
2023-06-23,52935d9b-527f-4768-9a01-5e3cc611af39,15,114,2,146.53
2022-10-24,4036e4ba-8c99-433d-9d00-5d109e44f18e,20,87,4,358.45
2023-08-07,4e489866-56b5-4265-940e-ba83363aa391,30,61,3,243.98
2022-10-25,4b7f80e5-0e05-4859-b5c9-5a8b04f48422,47,86,5,428.74
2023-03-05,65f8af1f-7325-40df-8619-7e041dd17639,34,52,5,315.68
2022-01-29,3cddbb37-fec4-47bd-93e3-38ba82548ad7,12,43,1,97.97
2023-10-16,4567620e-64bd-468b-9172-f280271e9717,3,93,4,275.09
2023-08-08,e119a4d0-7165-426b-935a-82624782f8cd,7,60,3,196.55
2023-10-16,43276af0-c7ad-44e5-9468-4ef11d49dc51,38,100,1,62.35
2023-05-13,115a0f28-92e3-4cc9-a33a-3ec38e8b96f0,2,179,5,465.47
2023-10-01,105b8891-9cd9-491b-819c-57a92444727a,11,100,3,37.33
2022-05-24,37a656b2-abc1-4d0d-a890-6364b18fc19f,43,175,4,212.23
2023-07-28,f099b838-59ed-4224-9427-07d06451ed37,10,90,1,74.43
2023-03-07,2b4e4c53-b025-440c-ab74-5573847cd130,19,82,2,74.46
2022-10-12,ca1f4361-78ed-4514-ad14-c9700bbd7364,39,117,4,378.02
2022-01-05,7f60fada-8471-426c-af71-a09708147ec8,6,160,2,85.3
2022-04-17,0156c34e-759e-4a2d-aa34-df7e1f92cdbd,36,20,1,61.4
2023-12-15,364b560e-8840-4822-8c5c-18f671e42908,3,179,2,96.8
2022-12-15,6a3322ee-62f7-4cc2-aff7-0ddf29d33651,23,42,1,56.77
2022-03-22,d18087ea-f078-47a6-912f-51a792f9e862,30,40,1,68.41
2023-09-29,18893d98-e804-4526-8dfa-a22dd5fd1c31,12,13,5,54.34
2022-01-01,ad636ec7-8be2-459a-b3cb-1bfc2a65dd6e,38,97,3,32.15
2023-07-28,787fea1c-87f8-4e4f-acd2-c06e7e87c4e1,13,164,1,39.73
2022-08-05,a8d57f3e-b3e0-40f2-ae1c-68932e46187c,49,142,2,79.09
2022-10-13,01e1b49d-38f0-4cc4-8177-d6e1bfc2bdba,42,200,2,29.55
2023-03-09,e9968429-52d9-41f1-bfe8-a939b587f309,14,17,1,78.12
2022-12-27,99984166-e9c2-41f0-95f0-82d950080b71,29,3,5,414.46
2023-02-03,5d0443ea-6d62-44f1-88bc-0895b791e9dc,24,196,4,273.18
2022-06-13,11d597c6-b6e5-413e-9129-7fdd50c4d3dc,14,156,1,66.15
2022-11-20,5932672b-6811-43ec-9aa4-4c236fe6877e,40,40,4,228.36
2022-09-13,3f7e9460-b2c6-4c34-81b7-57141aae6547,44,158,1,27.05
2022-12-08,774b4579-5963-44e5-bdd5-d99b3ac803d5,15,5,3,226.46
2022-05-10,5559b27b-bec2-4249-9062-420b51289aa2,19,41,5,212.06
2022-05-31,0b4492a0-5f94-4bf8-9de9-ed44c89cf2b6,27,11,3,276.8
2023-09-08,a21f53f2-3057-4f7e-ab8d-9914adb52ad4,10,43,4,257.08
2023-03-10,d7b05633-9b0b-45e5-94ce-91f61cc8c8bd,13,84,3,87.44
2022-09-17,38527f14-4f44-41be-a547-3f29b848c209,11,176,3,224.73
2022-02-11,236be04e-aefa-4a62-9f37-13ef309ee742,34,145,4,65.22
2023-04-26,35e6c8b6-24d5-4bf0-aa0b-c8d52da9d323,50,177,2,32.22
2023-05-28,60f74ad0-9722-47c6-8b02-9f5a704613d4,16,7,3,151.64
2022-04-16,7b8ca0e6-c9e9-4072-af1a-40452e96bbad,13,189,3,104.85
2023-09-08,f2479bc5-da73-4b2b-85ca-95ff49257601,22,47,3,198.48
2022-04-04,90e9a451-b1bf-4c47-916e-4a01cf9dde02,12,92,1,48.42
2022-10-18,ca42f9d2-f493-4b8f-976a-60caa6fa10df,36,28,1,40.19
2023-12-18,d1255a8d-6e2b-4363-b4da-db1136fa568d,24,11,5,141.51
2023-06-14,e87a639c-f4bd-4f14-9318-83a378806004,43,14,2,115.73
2022-07-02,ad78aefb-90a5-4d16-8e33-9f8da1b45dea,37,123,4,117.43
2022-09-02,d788698a-3853-4fc8-8a14-c99239aa55fb,37,99,1,25.78
2022-08-15,396d4f05-47c7-461a-a9cb-d6485be35e10,29,121,4,130.83
2023-12-05,47a4359d-bde8-497f-baf4-06a3ccbd19d6,46,173,3,60.24
2023-09-09,369a0534-a59e-44bd-a8d6-918dfa0bd0f2,37,23,2,80.26
2022-05-12,03b679bd-7af8-4c84-8039-c8a2c2a58e6a,8,83,5,452.48
2023-01-05,c5bf6a6f-112f-4077-bb2c-a49cceca4401,18,117,5,252.33
2023-12-04,11c45a8f-f6b3-46d5-a13b-8c68781c7fb6,43,147,1,34.07
2022-11-09,7dafda5d-8669-4b73-b2a8-5b33921a433b,36,106,5,75.07
2023-01-02,b76ebed9-a2e9-429e-9b76-8e9922f12e0d,29,1,1,77.35
2022-05-07,1064d3c6-814d-4e1d-9224-9da9e6c941da,29,20,3,266.57
2022-11-30,8000d0b1-c1d5-4faa-9b26-50a8cd19493f,29,187,1,30.19
2022-08-21,2fcfcf74-2858-49f6-a4f6-cf8873db746e,32,121,4,190.46
2022-09-19,8fd119a9-c896-41db-a175-b75c7919ce2a,41,15,1,12.1
2023-09-13,42c18d14-794d-4883-8375-a4f21d5f7391,25,189,5,66.47
2022-02-14,cd7491e6-42d1-45ce-b2fb-acfe830cfe72,2,123,3,185.68
2023-04-22,6f3d4aa1-b52c-4ef4-9534-0e4a0260125e,28,1,5,227.92
2022-05-09,e9be54c9-b4b9-4f57-b4dc-e5dc9ae44b82,6,1,4,359.94
2022-03-16,e46b8e9d-ecb5-413a-82b1-eefa25047386,35,159,2,85.47
2022-12-03,e27c1028-ded8-4ce2-a8f2-d5a0f2edc5e0,35,134,4,61.39
2023-09-13,b64ea4ea-fa6f-42fe-9d23-dc9cf4776666,41,200,5,286.61
2022-11-20,c5fbbbd2-6457-4d27-b323-f6bf576f48f6,30,152,2,159.78
2023-12-07,76505e1c-c222-47cd-953d-049e4d666be6,17,187,2,20.29
2022-01-09,7ffc44c6-3b38-445c-94b6-c69ace6013e3,50,72,2,54.5
2022-03-09,d5cfbd59-07e9-4b78-97a0-5543503e6aba,22,176,1,39.56
2023-04-19,cf40007a-77bb-4358-8a37-966d2d23ec4d,36,11,5,295.76
2023-12-23,9d419a2b-abc7-48ae-8e98-bba201074d80,38,139,1,74.41
2023-03-29,10a2142c-9fe4-440c-8508-8c8c71fd70a9,11,176,2,66.06
2023-10-29,b1ac2c8d-b862-455e-b0cb-1ddae2b03e93,33,28,4,105.23
2022-11-22,042a4301-6ca0-4a67-9b89-96bad6de63ab,48,45,1,11.07
2022-11-22,57a363c5-f02e-427d-8b9c-521d659fac89,15,120,5,365.72
2023-04-21,90d9ee83-490f-487d-a384-3de87e8022e3,2,170,5,210.65
2023-07-16,b4bde276-c8f2-48c9-8399-eaecaf318f53,7,173,5,289.66
2022-01-29,9dc066c9-0c07-42e2-86fa-1a49c95fa31d,30,51,5,419.27
2023-10-04,544a64fc-0281-4f4f-b645-ca316fde40b7,4,22,3,126.29
2023-10-23,b9ad1c2a-c809-4344-a411-d9bedda20d8f,49,73,5,264.5
2022-05-16,a2dfbdf3-14b8-4b09-98d2-b03bead5ff48,46,33,1,39.21
2023-03-25,0c7e09c7-d9a2-4895-a9e7-85db5627f274,15,42,3,98.97
2022-09-10,4c1b0982-771e-4b11-8510-c1a051ae1122,27,179,1,93.72
2023-07-08,96d62994-9210-4afa-8413-fbfee4fd06c3,6,63,4,239.24
2022-02-16,eab5c0e0-f985-47ff-bf75-88a3c8a5a604,40,11,2,107.73
2022-01-13,6ff74150-ed71-43b6-b302-61d92ff03e5d,21,151,1,80.9
2023-10-30,2f7fe235-bed7-4783-b416-290252ff2670,48,20,5,184.41
2022-11-20,7d859e9a-4397-44d2-a4c0-18b8f960cab5,33,82,1,28.78
2022-06-14,acfc5236-d075-4aa8-a6af-28bde9009c7d,32,146,2,77.0
2022-09-13,4087ab7a-cc14-4089-afe7-241e67e34e94,18,181,3,132.74
2022-10-23,9f7353e2-c07b-42d5-b3dc-d8de75ef2b44,28,2,1,15.54
2022-06-15,9d160d92-84a5-4076-ade0-f43b3cc83d86,7,11,4,314.89
2022-09-01,6dc0f655-ccea-4fc6-a929-464cc906ecfa,42,186,4,393.94
2023-04-08,4d99ed92-1e0e-4d1e-bf25-60ec6c2651ec,23,38,1,31.22
2023-01-13,cf036873-6612-450c-bb98-9f52a39ff075,23,90,5,204.53
2022-04-12,a432a8e1-7065-4bf8-9dc0-b2d44b303208,43,38,4,172.5
2022-02-11,02aa8264-25b7-4c3f-aee1-e24129d7ffa7,6,50,2,145.69
2023-09-05,e6d11514-2252-4c3b-a816-327eac3c8606,6,101,4,301.19
2022-02-26,4599e53d-bc52-4822-b4b3-379f3d1c3964,21,130,3,131.22
2023-03-11,24c97b02-5db0-49fd-b755-afbbc4e9ca51,3,133,2,163.05
2023-06-26,432f6ef5-b0b9-44f7-9e60-cefc205dfc61,39,7,5,172.62
2022-03-26,66b6a729-1516-413e-a0a9-7dcf44bf9ee0,29,91,2,33.89
2023-01-21,4e37a392-bf3c-4165-8f6e-8639d1698356,2,129,3,182.38
2022-05-15,14809da4-6175-4c2e-883d-bd05e9366a54,18,74,1,95.62
2023-03-13,66f25b32-8a7e-476e-a54c-e76eafc1c7f9,5,157,3,291.06
2023-08-28,3b115daf-89ce-4a54-aec5-e3630a042900,10,185,3,144.93
2022-08-13,7b227b7a-4ecc-4d81-a1a6-99c0c097604f,47,149,1,55.72
2022-04-04,79683f3b-05fd-4c99-8fb7-c8950e124185,43,181,1,57.15
2023-03-15,cc31efb6-beb9-48e4-8f7d-d0ba63a8dd75,46,108,1,38.6
2022-06-07,3399ff65-c747-4a0f-a630-0f2418a78421,48,35,5,88.32
2022-12-08,aff5cedc-b00a-4372-b5cf-cc610a5307df,38,118,3,249.11
2023-11-05,53e42aaa-8496-4712-9f43-635dee234ba1,12,22,1,48.38
2022-02-09,3d682656-9f81-46d0-a15c-ac8206687609,16,142,1,23.26
2023-10-10,f10c431c-7948-474e-9b0a-ad6f2121a723,33,193,5,289.44
2023-03-31,a8784784-b91a-4849-9579-0b654e77e2bd,24,57,4,310.16
2023-11-15,2bba273f-2069-4df2-8ff5-c43795f58981,17,81,2,33.18
2022-10-10,6f0bc20d-104f-4afa-b738-5c9eb820ff26,12,35,3,111.04
2023-09-07,8c197e9a-89d6-4e3c-82a7-30cca94e0fc2,27,150,1,44.41
2022-12-08,5271c7b4-f1c2-4d8e-b186-564d7bcdd124,12,108,3,103.98
2023-11-01,260ac4b9-734a-496c-8419-2ac4d45524c1,47,49,3,141.67
2023-06-06,880e308e-5db5-4464-8dd9-7ee12a52c6c4,46,107,3,31.98
2023-07-25,f0a4eff0-4cc7-4878-904d-13ab86c2a361,15,137,2,36.25
2022-11-28,accce9e2-c6f0-4243-a67a-6f2299c0aff1,29,63,5,348.27
2022-04-22,09ae4bcb-39e4-4a6c-bdea-a375f4bdd297,49,70,4,199.05
2023-03-06,daa0056b-4dc0-4278-88b2-bcdcb22bf734,36,199,2,185.76
2022-05-18,83988a7c-8b10-450c-8396-e5a038b2acc5,21,200,4,285.55
2023-08-21,678bf707-d77c-45db-b76c-0a2fb4f16bb7,46,109,3,86.71
2022-04-04,7efcad41-b0be-4aca-9e93-e76e8df30ccd,41,98,1,87.3
2022-10-25,59cda2f0-df13-454c-b186-17f1c6ee0fa6,35,151,5,352.01
2022-11-20,7b861b2e-90a4-41f6-9a3b-7f3cc7817eca,8,192,3,242.74
2022-11-12,d1fddbb3-9e4d-4fd8-ae7f-4e906196b055,35,54,2,162.97
2022-10-16,b09e8d97-bc5a-4b3a-95ec-85b1fe75b12b,42,186,3,181.07
2022-11-03,0fb0b67c-ee57-458f-bbc8-e7000d57a126,28,157,3,291.92
2023-04-16,8388de0e-acdc-4dcf-b588-4633808521e5,23,90,1,19.81
2023-07-18,1dbc9381-e9c1-4f76-b71d-cc4d49a92133,2,60,1,95.23
2023-07-13,36daec5c-d766-43dd-b531-1bfb07358998,37,155,3,277.74
2022-05-28,de79cae0-bab3-4407-9b63-8bf3ece2bdda,37,12,4,142.74
2023-07-10,0de34c3f-5af0-4d02-94b8-48359c1d35e2,35,29,2,175.42
2023-01-30,7190bd46-340f-44d6-b136-2b367eaaa30d,34,195,3,175.67
2022-02-02,261f81fe-a85b-42a0-9535-d374ea02a617,30,15,4,372.89
2022-03-22,4ce3d8dc-bae4-4717-abf5-4c42fabd3c21,21,40,5,74.07
2023-12-28,a270dd8c-86bc-4c68-9b7f-ba36fb35e7b7,44,172,3,143.8
2023-04-28,d5ae5a28-91f5-4ab7-92bd-da75c14b72d6,28,28,5,452.0
2022-03-25,a6e8aefb-e5a9-467b-9475-742de495544f,26,116,3,200.26
2023-11-07,af9e2b3c-40df-4e6d-a26a-d5c6e7d7feec,15,125,5,195.14
2023-04-01,22bfb174-f8ba-4c8c-ad78-a8334d87f67f,48,105,3,157.19
2023-02-13,33994fd9-f62f-4372-a8d2-5af93e87d384,38,58,2,42.57
2022-09-08,a28a0cc5-16a5-4150-8746-e5923bd6524e,20,158,2,135.25
2022-12-18,87bc4c57-fd0c-45ea-8d92-b4f2366cb140,5,62,1,54.36
2022-09-21,59b7b0f8-7a65-4764-88e6-0135b47fbc5d,48,20,3,238.22
2023-12-21,e54ca056-b608-40d4-a1c6-c87c74eeebb9,9,63,2,135.06
2023-07-28,dbaa3543-7bc4-4ba1-901f-bf605f289152,37,101,3,95.97
2023-02-16,9e1f58f9-a441-41ae-8e1f-045f1ee6e72d,41,138,3,122.64
2023-09-11,a7a493b7-4ca7-4459-909f-51bcdf954530,44,181,1,71.51
2023-02-14,f25b447a-3f57-4a2a-9a3f-3b528131a169,41,145,3,170.08
2023-10-31,d303bd64-ea5f-4957-87dd-3f45fbbaf03c,29,148,5,62.81
2023-03-29,145ad62f-d26d-4b18-a855-3229e3c08d5e,15,110,3,83.78
2023-09-26,ad566d7c-cce3-4dd2-82ad-419ea527fad8,42,197,5,261.24
2023-03-28,4029e2a7-867a-4c6a-864c-4b2a4ec7a915,27,68,4,358.39
2023-09-20,202f237a-73ee-43ad-8f6d-9077915d3f14,27,109,3,244.72
2023-01-01,72abed75-17fe-4110-b320-9669d501c424,22,88,1,88.78
2022-01-17,9f5d545e-4121-490d-aca2-4d40007c8878,29,102,5,461.06
2022-05-05,2136d60e-450c-4374-9669-46ba188383c7,19,2,1,78.42
2023-03-04,c3e5e2c4-0940-4fdd-b284-e7a2e13d5ee9,50,193,5,52.6
2022-07-13,dce07959-b68e-4b41-bb0d-d03a778f71b5,31,132,4,258.31
2022-05-15,a6e77960-ae24-4e5e-b8eb-b2879cb055a0,36,24,2,50.72
2023-01-06,c20c641f-0ab0-46a0-afd4-27c43a87ad25,18,39,5,69.34
2022-04-12,478d99cf-69f2-4c1d-a80b-20308d89496e,33,71,3,166.02
2023-09-17,fbc6b30d-2b9d-408e-b92c-69626673e402,25,187,4,306.57
2022-10-25,744ee314-9437-4b49-8532-e08db809cafb,34,99,2,28.19
2022-01-26,8199b7be-1343-4ec2-af4f-c9eaa54c84c7,49,177,3,274.81
2022-02-26,a210e663-bf6d-4fc6-a254-3f03b17557d6,42,165,4,321.14
2023-11-10,93c4f3f8-e1f6-4454-8fe7-31ee1f5986c4,9,132,2,166.56
2023-10-18,34f3ed8a-860c-4440-aaea-80c6eb914d0b,24,134,3,133.44
2023-03-28,6b35b668-b82b-42cb-9f8f-25f9d6a639a5,25,154,1,26.98
2023-02-03,2f3372f1-4daa-4204-a454-969349356f2f,49,89,5,97.85
2022-09-13,6b4f537c-17d5-420f-9f98-e9c0d28e364c,38,43,5,433.39
2022-07-12,7c541128-7e24-4741-9827-438549c2036d,20,120,4,91.42
2023-10-30,6026b3f5-0aca-4710-9dab-815fa07be1f8,20,148,5,148.54
2023-08-31,31ef90ba-e133-41f2-8bfd-2a63cd59c302,13,149,5,147.27
2023-12-07,bcd71a97-bb72-44fc-8418-9d9a0d8458b5,50,163,2,180.06
2022-12-28,945e6801-3052-4d42-9df3-c9e0b99a814b,34,62,5,278.36
2023-06-20,c1c13978-52a1-4e62-8839-f24512eadcbd,15,161,4,229.55
2022-09-11,9a9a94a8-c14c-4a8c-954e-59a37b5c3ce6,30,36,4,171.13
2022-10-27,9c46b336-808c-42c2-96eb-17145653c7eb,15,29,3,232.7
2023-01-21,370f3d9d-749a-4d30-9680-a67f5525c42e,24,189,2,84.87
2023-08-29,40c4dc09-2c13-441d-b373-c3bff2ce7ac8,23,132,2,160.75
2022-01-22,dc8b7508-4f63-486c-bc90-ec2126fc842f,30,139,4,276.01
2023-03-01,7568992e-151e-440d-8ab1-dff5f56709a8,3,67,5,64.29
2023-05-16,ee50bdd4-0715-407a-adac-986b8ab96537,6,175,5,339.31
2022-02-02,254d36f8-8bae-41ce-873f-d7c0073838ea,30,100,3,76.44
2022-09-03,49c34641-6f19-4b2b-8f11-b32c5f466cca,49,142,4,166.48
2022-05-22,3c62df58-2a6f-4d1f-aa82-39cf68460504,46,137,2,189.05
2022-04-01,85f66b9c-082c-4a0a-acf3-21106a3c9de9,26,139,2,82.57
2023-07-26,ce282d09-bc16-4e00-8b8b-cd113050c947,23,161,1,38.22
2023-01-30,9348c2be-c181-42a1-a2c1-627e88cdab07,20,84,2,92.55
2023-06-04,20cdbb04-731b-4c4a-b02c-4ca9325ce103,4,96,2,146.48
2022-02-13,7f1152ae-4438-4fcb-9f65-75e2b64bf8ec,31,182,2,24.14
2023-11-09,5a8fb77c-cec1-40c2-818c-bcd94ffbcdc4,26,88,1,87.15
2023-04-29,db3e20a6-eaee-4cf0-9148-fa0c4d9f2206,31,178,4,89.81
2022-02-09,e6234250-2ac2-432a-92b4-eae3d8d6a945,21,186,2,122.05
2023-12-05,c44b9d31-20d7-4b93-a37b-b36a510fc954,7,179,5,261.91
2022-01-22,f160bc08-2cc3-428d-8b2e-de15f16b5daa,2,127,5,161.63
2023-04-08,2ffa6934-9546-4954-aed2-070f44ef4879,33,182,1,50.84
2022-01-30,fbe398cb-e831-4ea2-adac-edff062c115d,36,164,5,368.74
2022-08-01,d579064c-0c66-4340-ad8b-991fcd8559a1,9,125,5,279.09
2023-03-14,23d482ef-7165-4205-b457-5bf6590f65a4,41,178,4,79.27
2022-11-12,3d90f762-0856-4ca6-a7ef-9551dbba2570,16,50,1,32.36
2022-10-14,bd25858c-5680-4912-aae2-4adca277cc76,23,77,1,35.73
2022-01-13,2aebdc5b-4adf-4181-b206-c02d530f6639,1,196,5,312.25
2022-08-29,f3b33cb5-2d5c-4a6f-9b42-1707a138940c,22,156,2,45.63
2023-01-27,246e82cc-bc47-43e5-aec2-046070b3e7c8,44,1,5,243.2
2022-07-13,04754585-2daa-4404-867b-abae10a499c8,33,30,4,325.88
2022-03-20,3e6957e8-b932-4052-a05c-0ea29e424d25,4,92,2,59.46
2022-01-26,b1c82087-d3ba-405c-ad49-b2d0f7669f3b,9,74,5,392.01
2023-04-14,de141425-d448-4f6b-b4d1-ebb4fb067111,44,159,4,158.39
2023-08-30,4baa6c9a-6de8-413c-8d0d-e80a6daccc84,6,186,3,260.21
2023-04-27,2e127a09-8a9f-4dab-b021-00d2781ce813,41,4,4,202.45
2023-05-06,7804c6c2-bf3e-430c-b52c-24c56e12720e,47,122,2,92.68
2022-01-05,ca575007-5a6f-4143-8d57-f9c844089da5,10,151,1,98.4
2023-10-29,c52c4f82-19e3-49f0-8843-1da6b39a670f,11,64,2,195.17
2023-12-27,a1f46b6e-4419-4678-aff6-b6cf7d7b315c,30,104,3,202.58
2023-01-18,c8ebbd43-28e7-4b24-9f1b-6dbac35978c3,40,145,4,176.16
2023-09-27,d3b6b9b2-a663-4991-865a-3453ee5a03bc,12,139,2,183.34
2022-10-19,72d4a6a0-fc80-4b99-97e3-9311e6ab330d,47,70,1,90.42
2023-10-26,6eafdcbb-311e-40ee-9987-eed3b938565e,22,190,5,230.62
2022-12-10,734ae7e4-760f-44b0-9329-3e61dbc2577a,20,139,5,141.59
2022-05-13,ffe7bfe4-8b49-4c08-9133-afad1f90f2ba,11,79,4,177.39
2023-02-13,8c3c595a-dd28-4517-9cb7-5b133f89f080,6,96,5,193.03
2023-11-30,d1103595-b88e-4da6-9c50-8f13eb07dcfa,44,87,1,19.49
2022-06-13,8eb441c0-b834-49a4-9e5b-eda795df4ebf,20,145,2,51.39
2022-05-21,85e08b95-f046-48ae-b3e4-d5ee52caa925,47,132,2,154.45
2023-12-29,b45e6294-c843-48c1-a454-a041ab7dad95,28,73,5,247.1
2023-01-24,52b77810-ae0c-4bf9-b206-934a970a93df,4,118,2,81.84
2022-09-20,61de006b-2590-462e-bb98-cd50300dc25f,31,160,1,76.6
2022-12-07,feb9a50d-8777-4608-8c87-27a0f670aa3d,27,110,2,113.78
2023-12-23,420ae5e8-a7b6-4bc7-ac1c-046ab26d76c0,38,128,1,58.93
2022-01-22,454a19d2-89c1-43f7-b593-d833a6aed72f,35,175,1,54.46
2022-09-04,bb3cc17f-e3e0-49ac-b487-bfd56fed595c,39,193,3,106.04
2023-06-24,e1a02c46-e6a7-4bb8-b141-596ceaf6030b,35,191,5,383.0
2023-05-31,971c7061-fceb-4152-98c1-e5a0800e1785,4,114,2,84.17
2023-02-13,062c8d02-3e0e-4fb2-82f9-9be353ec7c99,37,149,3,185.88
2022-04-17,65f0e978-afe5-429b-bd16-fec83bc55ba4,34,138,5,367.6
2023-01-28,e1d61ef2-0242-4095-a88a-c7a94a2ba52d,12,188,2,125.03
2022-07-13,1590166a-1960-4dff-b746-6c7f8202068e,11,166,5,129.1
2022-10-28,2c93fa62-f4d5-402c-bf92-932119a91d00,26,160,5,200.61
2022-10-06,d1693924-54ab-41bc-925f-91c4fe62decc,27,12,2,179.86
2023-08-02,c68cfc6c-87be-4ba6-933e-4fccae321fab,44,140,2,173.29
2022-03-06,aa79dcf0-ea97-440f-a174-16879049ee30,43,116,1,22.97
2023-11-27,393541e2-1ba9-44d0-8c50-c9d70f13ce79,27,161,3,292.33
2023-10-23,bf6e1ea3-7b16-4074-a7b7-c7a8fbbde450,47,130,5,199.52
2022-02-09,adea2c27-e7b8-4edb-99b3-5990e572e57d,36,2,2,167.49
2022-07-30,cf78e88e-b75b-4e14-aea6-67418daff119,49,42,4,185.08
2023-05-25,d90a05a4-a208-40ac-815c-b605cdf94b21,47,106,5,437.76
2022-01-14,f17ab258-7026-4ac7-845b-5481c24d3e78,35,150,4,307.23
2023-08-24,e65b3a05-fa60-4f16-8ba0-9fdbfad08ff0,25,153,5,329.22
2022-07-12,bbd5f2eb-5de9-46c5-8c3b-d0205b43dd3c,34,16,5,73.97
2022-05-29,be05bd59-cbeb-4760-9802-9c2e06d9144a,48,31,5,398.73
2022-05-01,ebe3820d-953a-41eb-bc03-ab73ef14b200,9,57,5,207.27
2022-11-18,a5b27323-6c3b-461c-832d-1f8f9cc581a3,31,65,2,146.8
2022-10-17,0593917b-896a-4057-8762-ae2c2fcca05f,16,138,5,310.73
2023-03-09,711ec632-e1b4-4a62-98a2-921c3417e631,40,11,4,260.2
2023-03-29,b0118bea-fe9b-47a4-ab7e-b91f6fd0a11d,4,78,3,46.13
2022-04-05,0f33375d-6b78-4834-ab57-c6b31ead05bd,37,87,2,133.95
2023-04-06,6a8c3f4c-99c6-4caa-b862-d38ecf701f84,19,55,3,129.78
2022-11-22,ebfeba60-48b9-41ea-b073-f5881c5d896e,50,45,1,58.93
2023-05-10,7536e412-1239-48bf-87e3-4c3fdd8aa28e,7,10,2,191.91
2022-10-13,b3647d7d-3488-43db-8e4d-8139f7c54a69,38,20,1,24.77
2023-08-20,e2460a05-c4d9-4f67-87b3-a180abfeaf4c,1,112,5,179.71
2022-05-24,2a5605f9-0fbc-4d18-a521-87a8e3ea7315,22,28,5,182.86
2022-03-26,021c9c52-2cac-445d-8ce1-4aa868296a2b,47,136,3,236.37
2023-09-03,52677a5e-af24-40dd-be8e-b1e556fb3f59,21,91,4,344.04
2022-05-16,aa387ea0-bbdd-4539-8fdd-febadd51ad7c,11,182,3,39.35
2022-12-30,f9a57a56-6f81-4e5e-961e-3cec95508226,30,156,4,294.89
2022-09-19,a905be21-1c8d-4273-8993-88174fe6de7c,8,7,4,332.64
2022-07-05,9a97d82a-9de7-45e7-af4e-204f8052ccfb,11,168,2,178.96
2022-08-18,40e0dbb0-9af9-4c2a-a832-d15970c40da7,46,98,3,287.18
2023-02-03,50993ea4-9162-473d-a6b5-6e884259d0fc,9,58,5,451.55
2023-01-28,1201d749-1419-4674-bebb-99a6056eaa37,19,177,1,84.64
2023-05-07,1780bd95-689e-498e-b710-1b932982d292,31,86,3,53.16
2023-11-17,6d7a58cd-0886-465f-9f24-320dff955158,49,188,1,19.18
2023-04-04,cca73df5-ab46-4109-beaf-fdbfdd1e7705,50,37,3,177.22
2023-06-10,f0958637-a666-45f2-b31e-5425a104be09,47,72,1,25.21
2022-01-12,d9ef2c22-4869-4dd3-afc1-c8f1ab3705ca,36,162,3,93.99
2022-09-03,948ce01d-a0d6-47e0-99d7-94a21f4eedfa,8,10,3,217.37
2023-11-05,edfd5015-8d16-4a37-a13f-053d924480f6,33,27,4,44.45
2022-08-28,d42d6151-707a-4e60-825d-22bee1a64329,46,151,1,70.6
2023-11-29,819d7009-93f8-4f02-8907-4bb7f4f58fe9,29,187,1,25.84
2023-09-14,ec9998c7-40bb-4142-8c93-b4164dd10f53,18,150,3,284.88
2023-11-09,2a5d842f-3391-4511-8e29-ae272d9efbdb,29,149,4,315.16
2022-11-22,7da8205c-bcaf-4528-8a0a-8cb2df57c512,43,194,5,249.38
2023-03-20,8ed1cfe4-0f7b-43b7-ad35-b34c516d4976,36,109,4,300.74
2022-10-20,274ac3bb-31f2-45e0-b05b-8b1fc5535ec9,26,22,2,107.44
2023-06-04,3caf7375-57a7-43a9-9606-22bd5a067ba1,47,161,4,251.04
2022-01-06,f5bce10a-13ea-446b-93de-99935d4b4031,30,198,1,93.25
2023-08-29,7b4e52eb-e785-4e2d-8a85-df6796aeb54a,11,31,4,97.43
2022-01-19,b87d7ced-46c5-4c24-a419-1b0960593efc,41,99,4,274.74
2023-02-15,65e0f158-5487-4b46-a971-be5efcf41299,12,126,1,57.59
2022-03-30,00426e39-1e31-4c64-9321-3e5540e15088,9,155,4,174.99
2022-05-20,9f6c17b0-4cb4-40c9-b027-96a300aff877,50,129,3,181.82
2023-07-07,1a34978c-aefd-4995-b7eb-ce529700e3e5,47,24,5,362.71
2023-04-09,5641c9a8-cd9e-4d0d-936a-53e5fecb7eea,16,183,4,51.73
2022-03-16,747fded6-bc8d-4773-a6fb-4ad28ad5521f,23,104,3,73.43
2022-01-23,f242421a-7a62-4d5c-9fed-0d51b214f337,3,59,5,192.01
2022-09-06,8909a508-ae74-4c8e-9e8d-35b7f1bdb46e,33,10,5,88.46
2023-04-18,68a48c55-5927-462d-b4a2-223ceb11a1d1,1,178,3,39.63
2022-06-19,7fa27752-413f-476b-9375-9085581a8d83,37,168,4,137.22
2023-11-22,718c9508-e313-4028-8347-8d81c5436b66,29,72,2,197.79
2022-09-12,a358568e-69ad-4a40-8970-41fff29769fc,40,56,3,176.92
2023-10-04,d5c731b5-675a-4f60-beac-fbd1ae159160,35,154,3,169.66
2022-12-09,76564097-c81b-41df-b3e1-bea0057389e9,14,118,3,111.9
2022-08-04,26698b89-2b60-490c-aa91-fd8af1541f52,16,40,3,273.02
2022-01-17,ac4c4d77-0dda-4539-b314-724a6a8d3e8e,20,143,4,349.69
2022-06-14,13b6300a-abfe-4db5-93e5-1ffa80f7fb80,26,41,3,113.72
2022-09-01,2577a8b0-1108-468c-8bc6-d1d8481a9134,29,200,5,457.52
2022-01-21,067406bd-1962-4755-9a2a-b80473a4004c,49,138,1,59.58
2023-12-30,0d160053-3f3a-48ae-83aa-2b06b1289357,6,127,5,344.85
2023-02-21,c29f40a0-489a-4ef4-8cc9-d4ddcaab866a,22,86,2,140.97
2023-05-31,acb0de5f-3b67-4b4d-aec8-102f0d19bbab,41,54,3,141.11
2023-07-10,cf2a473e-d3ce-4743-9010-d380e4568794,41,104,3,296.8
2023-08-19,b09ecd70-14de-4b9f-8f68-7f880d58d945,22,23,2,84.23
2022-01-13,4218fb74-dbd4-4a7f-b591-2094c698372e,22,183,3,134.1
2022-05-07,fbcaca51-f242-4608-82e0-387a8d1835c3,1,100,3,186.88
2023-09-02,02a43937-ad44-4a51-a068-1f5be2bf19b8,40,75,4,207.93
2023-05-25,70e677b6-198f-4970-a45c-7a9a7a4c1aa4,4,154,2,146.27
2022-12-12,67c4b49d-ee1d-4299-acee-c60187b2a920,12,8,2,90.86
2023-08-15,0be98fde-2f19-4e0f-8fc3-a48ed22a4f36,2,169,4,296.58
2023-06-11,13ac7f4c-66d8-4e99-bd1f-4d7f78b609f6,9,13,2,145.43
2023-08-23,4de06b67-39a5-4b6a-acc2-5339a4a83ba7,31,200,1,56.36
2023-05-21,01177578-ac8c-42d6-8dbb-22816a0f87f0,3,112,5,445.77
2023-10-31,25b9f793-aca3-454c-9e89-8175d91dbaa1,17,118,4,94.48
2022-08-06,35f4f925-041b-44b8-8fa1-3f8f0b7d53a6,14,12,4,155.84
2023-04-03,61b86436-1ecb-442a-b879-0bfdc766919f,16,86,1,59.97
2022-07-03,d130bc1c-954a-41cd-aae1-2c48fa17d35f,34,45,2,55.09
2022-07-23,5b6085d7-1515-4739-a0c7-5105144a5924,4,42,4,289.07
2022-09-20,c767b1c1-0274-4d74-8267-22b46ae5d0b6,10,144,1,10.23
2022-10-30,0fe35393-601b-4222-aca5-dd90670b64db,38,39,3,38.56
2022-10-29,ef17e30d-c38a-407a-92f5-68a17dcd3db0,23,167,4,313.71
2022-05-10,47bebaff-984d-4c4b-8454-0728d144cbe9,34,89,3,50.53
2022-04-17,4ffbe806-7431-4f99-91b7-c0a93588bab1,16,32,1,33.66
2023-06-07,762ab399-4635-4807-9b2f-d8326f454807,39,18,1,17.33
2023-11-27,21efb3e1-4dc6-4be0-985e-a44907d28f0c,40,159,3,252.44
2022-07-08,2c5987d7-0ca1-425e-b7a9-af54edfb5c34,28,107,4,135.69
2022-02-15,777dfc7a-6bb0-4723-8ac3-355df8abf188,1,95,2,96.5
2023-06-23,2db1f0c7-5b9b-4cfb-afa7-f030b071cf06,28,102,1,98.04
2022-03-12,ff9e4f80-790e-4bcb-a564-fd2a736db269,9,125,2,155.98
2023-04-09,67ad6728-9791-4c49-bb58-82b889c88851,32,70,5,125.84
2023-03-18,6b4ef87d-5fcd-4e9d-902a-2f3f2205a38c,5,193,1,45.78
2022-03-11,192473e7-e0cf-490a-b9fd-ecd4ef3a16f1,35,162,3,294.55
2023-02-22,e84a415b-bb03-4999-b5d6-58a978a90535,25,80,3,130.52
2022-05-13,ab02f439-b046-4a87-9ca2-6de32c825a6c,25,143,3,104.39
2023-11-10,cd106526-87b6-42f7-b53a-f4ffec42f7da,30,40,1,95.4
2022-06-04,ac166f99-925d-4cf4-a936-618ead6c2b05,8,12,4,319.65
2023-06-29,1fffc9c6-0730-4842-9b55-c02b8fefac29,38,187,1,77.52
2023-10-15,3f217ac1-f86a-4315-ab2c-84dc30e1eae7,38,113,2,83.3
2022-11-01,166aee7e-19d2-4e60-abae-bae67bfa46cc,48,11,4,126.08
2022-02-07,4d605e36-88db-4bb1-93ac-7a0b30992d62,46,101,2,175.34
2022-09-02,74da9096-9f74-4d44-8557-8b2c7156aa6e,45,25,2,138.4
2023-04-23,40709c97-ce4a-4ecb-b970-e1a87732191c,45,126,3,269.61
2023-09-15,14e03228-7462-4f34-883a-08557d7c76ae,13,106,5,329.72
2023-10-21,d35d39b6-534f-4580-a79c-a4bd9ca1a681,44,119,5,290.0
2022-04-16,a467523f-6366-47d3-a4eb-c245f3622ffb,18,140,5,161.56
2022-06-22,3cad2da8-ea28-4d7b-b8b2-f46601ee6997,34,185,2,193.3
2022-06-05,f83f5bc5-0486-4151-93e2-804575c7aab5,36,21,2,174.24
2023-12-04,25630cb5-458a-4962-9105-2674ee387aa5,27,117,4,391.5
2023-05-23,857c0052-9222-4ca9-89b0-7b15f9f01a89,5,169,1,33.64
2023-10-07,58a11a6f-1d15-42a4-ab77-cdbee1776445,24,194,3,157.43
2022-10-10,ff9bdf18-48ae-4f02-a418-34ec31a10891,13,150,5,480.68
2022-06-26,bc1b3331-f27f-48c0-a5c9-e9d81c0a2134,12,86,1,89.58
2022-06-02,f8948c69-3e2e-4956-a133-99c5388893fe,40,46,2,119.78
2023-01-27,9b37f617-4475-4ec0-a440-0dca528c56a8,19,49,5,97.73
2022-03-20,6f2b3558-4bd2-4f80-81b5-8696aba63280,43,16,3,268.02
2023-07-15,d213f593-08a8-437b-a2ed-0515c186230b,17,155,3,257.44
2022-05-10,d140d4d5-f5ae-47fb-bb51-ba7b49c4bb70,41,34,1,79.94
2022-04-05,c0c11207-4e50-4a7b-b978-7964a52c8be3,3,180,3,35.42
2023-01-12,2fbe1d93-967f-4525-aed4-39cd93fcef6c,43,22,1,30.72
2022-01-25,2c27469b-9619-4b1f-8f1a-4afbe351f042,34,45,1,64.38
2022-09-14,1cac55a0-c320-44d6-8787-0976a67d47d4,23,170,1,79.65
2023-10-08,a4ff2b2f-a244-4dd6-bf32-9e88161c5500,13,183,1,15.55
2023-12-05,fe964768-bdee-48b7-a0d3-a2e813f382d5,43,26,4,62.61
2023-08-30,8359c9a0-996e-42c6-9238-cb921c86061d,41,97,2,55.95
2022-08-28,d3bbec67-b20d-4084-b405-314f425993c2,10,37,5,200.67
2022-07-19,6c9f4fb4-f39e-4190-b7e4-2cbea7879c07,31,155,3,170.31
2023-07-16,ae9f4e04-e2a7-40c3-9a74-7df04247ef16,39,139,3,69.17
2023-06-21,f35024cd-83b5-4320-b7c6-cbf9740431ef,30,15,4,290.93
2023-05-23,69d597ab-5f4c-4b64-9643-2011010ef8c0,6,130,1,24.72
2022-11-21,9fbfb002-eadb-42b4-8e9e-91c65daf0295,15,112,2,107.64
2023-07-25,9a343198-e54a-4b99-baea-8a08598b6cb7,9,4,5,60.36
2022-04-02,79c91533-1921-4511-b7ac-897dc9ac17a6,49,199,2,153.75
2022-02-07,05b1cbd1-bbcb-4cfd-9db1-4049ac27d486,28,137,3,60.37
2022-12-18,b1eda694-f650-4cca-854f-b7a0cdffd49d,32,87,3,272.18
2022-07-10,0602872b-49e1-41af-95a4-5cf6332cc7ff,6,61,1,88.87
